[
  {
    "model": "api.company",
    "pk": 1,
    "fields": {
      "name": "Dodge",
      "created_at": "2020-07-30T12:21:16.129Z",
      "updated_at": "2020-07-30T12:21:16.129Z"
    }
  },
  {
    "model": "api.company",
    "pk": 2,
    "fields": {
      "name": "Ford",
      "created_at": "2020-07-30T12:21:16.129Z",
      "updated_at": "2020-07-30T12:21:16.129Z"
    }
  },
  {
    "model": "api.company",
    "pk": 3,
    "fields": {
      "name": "Toyota",
      "created_at": "2020-07-30T12:21:16.129Z",
      "updated_at": "2020-07-30T12:21:16.129Z"
    }
  },
  {
    "model": "api.user",
    "pk": 1,
    "fields": {
      "password": "bcrypt_sha256$$2b$12$bmj11SqWnZE1CpgbqqT0.OPXBKGMzTVyLsDWsBe3dRoxlCtN2sP9i",
      "last_login": null,
      "is_superuser": true,
      "first_name": "Bradwood",
      "last_name": "Feat",
      "is_staff": true,
      "is_active": true,
      "date_joined": "2020-07-30T12:21:16.129Z",
      "email": "cool.brad@gmail.com",
      "company": 1,
      "phone": "+41524204242",
      "position": "Cool Brad",
      "group": 1,
      "groups": [
        1
      ],
      "created_at": "2020-07-30T12:21:16.129Z",
      "updated_at": "2020-07-30T12:21:16.129Z"
    }
  },
  {
    "model": "api.user",
    "pk": 2,
    "fields": {
      "password": "bcrypt_sha256$$2b$12$bmj11SqWnZE1CpgbqqT0.OPXBKGMzTVyLsDWsBe3dRoxlCtN2sP9i",
      "last_login": null,
      "is_superuser": false,
      "first_name": "Bartosz",
      "last_name": "Seatwood",
      "is_staff": true,
      "is_active": true,
      "date_joined": "2020-07-30T12:21:16.129Z",
      "email": "cool.brad+1@gmail.com",
      "company": 2,
      "phone": "+41524204242",
      "position": "Cool Brad",
      "group": 3,
      "groups": [
        3
      ],
      "created_at": "2020-07-30T12:21:16.129Z",
      "updated_at": "2020-07-30T12:21:16.129Z"
    }
  },
  {
    "model": "api.user",
    "pk": 3,
    "fields": {
      "password": "bcrypt_sha256$$2b$12$bmj11SqWnZE1CpgbqqT0.OPXBKGMzTVyLsDWsBe3dRoxlCtN2sP9i",
      "last_login": null,
      "is_superuser": false,
      "first_name": "Brad",
      "last_name": "Heat",
      "is_staff": true,
      "is_active": true,
      "date_joined": "2020-07-30T12:21:16.129Z",
      "email": "cool.brad+2wood@gmail.com",
      "company": 3,
      "phone": "+41524204242",
      "position": "Cool Brad",
      "group": 2,
      "groups": [
        2
      ],
      "created_at": "2020-07-30T12:21:16.129Z",
      "updated_at": "2020-07-30T12:21:16.129Z"
    }
  },
  {
    "model": "api.user",
    "pk": 4,
    "fields": {
      "password": "bcrypt_sha256$$2b$12$bmj11SqWnZE1CpgbqqT0.OPXBKGMzTVyLsDWsBe3dRoxlCtN2sP9i",
      "last_login": null,
      "is_superuser": false,
      "first_name": "Stone",
      "last_name": "Sour",
      "is_staff": true,
      "is_active": true,
      "date_joined": "2020-07-30T12:21:16.129Z",
      "email": "stone.sour@gmail.com",
      "company": 3,
      "phone": "+41524204242",
      "position": "Headliner",
      "group": 5,
      "groups": [
        5
      ],
      "created_at": "2020-07-30T12:21:16.129Z",
      "updated_at": "2020-07-30T12:21:16.129Z"
    }
  },
  {
    "model": "api.user",
    "pk": 5,
    "fields": {
      "password": "bcrypt_sha256$$2b$12$bmj11SqWnZE1CpgbqqT0.OPXBKGMzTVyLsDWsBe3dRoxlCtN2sP9i",
      "last_login": null,
      "is_superuser": false,
      "first_name": "Limp",
      "last_name": "Bizkit",
      "is_staff": true,
      "is_active": true,
      "date_joined": "2020-07-30T12:21:16.129Z",
      "email": "limp.bizcuit@gmail.com",
      "company": 3,
      "phone": "+41524204242",
      "position": "Punk",
      "group": 6,
      "groups": [
        6
      ],
      "created_at": "2020-07-30T12:21:16.129Z",
      "updated_at": "2020-07-30T12:21:16.129Z"
    }
  },
  {
    "model": "api.media",
    "pk": 1,
    "fields": {
      "name": "troom.png",
      "link": "http://localhost/123qwe",
      "original_link": "troom.png",
      "is_public": false,
      "hash": "123qwe",
      "created_at": "2020-07-30T12:21:16.129Z",
      "updated_at": "2020-07-30T12:21:16.129Z"
    }
  },
  {
    "model": "api.media",
    "pk": 2,
    "fields": {
      "name": "broom.png",
      "link": "http://localhost/123asd",
      "original_link": "broom.png",
      "is_public": false,
      "hash": "123asd",
      "created_at": "2020-07-30T12:21:16.129Z",
      "updated_at": "2020-07-30T12:21:16.129Z"
    }
  },
  {
    "model": "api.media",
    "pk": 3,
    "fields": {
      "name": "kroom.png",
      "link": "http://localhost/123rty",
      "original_link": "kroom.png",
      "is_public": false,
      "hash": "123rty",
      "created_at": "2020-07-30T12:21:16.129Z",
      "updated_at": "2020-07-30T12:21:16.129Z"
    }
  },
  {
    "model": "api.media",
    "pk": 4,
    "fields": {
      "name": "sroom.png",
      "link": "sroom.png",
      "created_at": "2020-07-30T12:21:16.129Z",
      "updated_at": "2020-07-30T12:21:16.129Z"
    }
  },
  {
    "model": "api.media",
    "pk": 5,
    "fields": {
      "name": "kroom.png",
      "link": "kroom.png",
      "created_at": "2020-07-30T12:21:16.129Z",
      "updated_at": "2020-07-30T12:21:16.129Z"
    }
  },
  {
    "model": "api.media",
    "pk": 6,
    "fields": {
      "name": "lroom.png",
      "link": "lroom.png",
      "created_at": "2020-07-30T12:21:16.129Z",
      "updated_at": "2020-07-30T12:21:16.129Z"
    }
  },
  {
    "model": "api.media",
    "pk": 7,
    "fields": {
      "name": "wroom.png",
      "link": "wroom.png",
      "created_at": "2020-07-30T12:21:16.129Z",
      "updated_at": "2020-07-30T12:21:16.129Z"
    }
  },
  {
    "model": "api.packageactivitytask",
    "pk": 1,
    "fields": {
      "description": "First desc",
      "created_at": "2020-07-30T12:21:16.129Z",
      "updated_at": "2020-07-30T12:21:16.129Z",
      "package_activity": 1
    }
  },
  {
    "model": "api.packageactivitytask",
    "pk": 2,
    "fields": {
      "description": "Second desc",
      "created_at": "2020-07-30T12:21:16.129Z",
      "updated_at": "2020-07-30T12:21:16.129Z",
      "package_activity": 2
    }
  },
  {
    "model": "api.packageactivitytask",
    "pk": 3,
    "fields": {
      "description": "Third desc",
      "created_at": "2020-07-30T12:21:16.129Z",
      "updated_at": "2020-07-30T12:21:16.129Z",
      "package_activity": 3,
      "is_not_applicable_status_by_default": false
    }
  },
  {
    "model": "api.packageactivitytask",
    "pk": 4,
    "fields": {
      "description": "Fourth desc",
      "created_at": "2020-07-30T12:21:16.129Z",
      "updated_at": "2020-07-30T12:21:16.129Z",
      "package_activity": 4,
      "is_default_for_subtask": true
    }
  },
  {
    "model": "api.packageactivitytask",
    "pk": 5,
    "fields": {
      "description": "Fifth desc",
      "created_at": "2020-07-30T12:21:16.129Z",
      "updated_at": "2020-07-30T12:21:16.129Z",
      "package_activity": 4
    }
  },
  {
    "model": "api.packageactivitytask",
    "pk": 6,
    "fields": {
      "description": "Sixth desc",
      "created_at": "2020-07-30T12:21:16.129Z",
      "updated_at": "2020-07-30T12:21:16.129Z",
      "package_activity": 5
    }
  },
  {
    "model": "api.packageactivitytask",
    "pk": 7,
    "fields": {
      "description": "Seventh desc",
      "created_at": "2020-07-30T12:21:16.129Z",
      "updated_at": "2020-07-30T12:21:16.129Z",
      "package_activity": 5
    }
  },
  {
    "model": "api.packageactivity",
    "pk": 1,
    "fields": {
      "name": "First package activity",
      "created_at": "2020-07-30T12:21:16.129Z",
      "updated_at": "2020-07-30T12:21:16.129Z"
    }
  },
  {
    "model": "api.packageactivity",
    "pk": 2,
    "fields": {
      "name": "Second package activity",
      "created_at": "2020-07-30T12:21:16.129Z",
      "updated_at": "2020-07-30T12:21:16.129Z"
    }
  },
  {
    "model": "api.packageactivity",
    "pk": 3,
    "fields": {
      "name": "Third package activity",
      "created_at": "2020-07-30T12:21:16.129Z",
      "updated_at": "2020-07-30T12:21:16.129Z"
    }
  },
  {
    "model": "api.packageactivity",
    "pk": 4,
    "fields": {
      "name": "Fourth package activity",
      "created_at": "2020-07-30T12:21:16.129Z",
      "updated_at": "2020-07-30T12:21:16.129Z"
    }
  },
  {
    "model": "api.packageactivity",
    "pk": 5,
    "fields": {
      "name": "Fifth package activity",
      "created_at": "2020-07-30T12:21:16.129Z",
      "updated_at": "2020-07-30T12:21:16.129Z"
    }
  },
  {
    "model": "api.package",
    "pk": 1,
    "fields": {
      "name": "First package",
      "order": 2,
      "created_at": "2020-07-30T12:21:16.129Z",
      "updated_at": "2020-07-30T12:21:16.129Z"
    }
  },
  {
    "model": "api.package",
    "pk": 2,
    "fields": {
      "name": "Second package",
      "order": 3,
      "created_at": "2020-07-30T12:21:16.129Z",
      "updated_at": "2020-07-30T12:21:16.129Z"
    }
  },
  {
    "model": "api.package",
    "pk": 3,
    "fields": {
      "name": "Third package",
      "order": 4,
      "created_at": "2020-07-30T12:21:16.129Z",
      "updated_at": "2020-07-30T12:21:16.129Z"
    }
  },
  {
    "model": "api.package",
    "pk": 4,
    "fields": {
      "name": "Fourth package",
      "order": 5,
      "created_at": "2020-07-30T12:21:16.129Z",
      "updated_at": "2020-07-30T12:21:16.129Z"
    }
  },
  {
    "model": "api.project",
    "pk": 1,
    "fields": {
      "name": "Project 1",
      "number": "dfg134",
      "status": "tendering",
      "show_estimated_man_hours": true,
      "image": 1,
      "start_date": "2020-07-30",
      "completion_date": "2020-08-30",
      "value": 2343456.23,
      "value_currency": "USD",
      "is_subtask_visible_for_clients": false,
      "is_task_visible_for_clients": true,
      "created_at": "2020-07-30T12:21:16.129Z",
      "updated_at": "2020-07-30T12:21:16.129Z",
      "users": [
        2
      ]
    }
  },
  {
    "model": "api.project",
    "pk": 2,
    "fields": {
      "name": "Project 2",
      "number": "h5636uytsf",
      "status": "under_construction",
      "show_estimated_man_hours": false,
      "image": 2,
      "start_date": "2020-07-30",
      "completion_date": "2020-08-30",
      "value": 6534.65,
      "value_currency": "USD",
      "is_subtask_visible_for_clients": false,
      "is_task_visible_for_clients": true,
      "created_at": "2020-07-30T12:21:16.129Z",
      "updated_at": "2020-07-30T12:21:16.129Z",
      "users": [
        2
      ],
      "key_contacts": [
        2
      ]
    }
  },
  {
    "model": "api.project",
    "pk": 3,
    "fields": {
      "name": "Mitron 3",
      "number": "7th46ds",
      "status": "partially_completed",
      "show_estimated_man_hours": true,
      "image": 3,
      "start_date": "2020-07-30",
      "completion_date": "2020-08-30",
      "value": 765.34,
      "value_currency": "USD",
      "is_subtask_visible_for_clients": false,
      "created_at": "2020-07-30T12:21:16.129Z",
      "updated_at": "2020-07-30T12:21:16.129Z"
    }
  },
  {
    "model": "api.project",
    "pk": 4,
    "fields": {
      "name": "Project 4",
      "number": "h356ydgd",
      "status": "completed",
      "show_estimated_man_hours": true,
      "image": 4,
      "start_date": "2020-07-30",
      "completion_date": "2020-08-30",
      "value": 765543.43,
      "value_currency": "USD",
      "is_subtask_visible_for_clients": false,
      "is_task_visible_for_clients": true,
      "created_at": "2020-07-30T12:21:16.129Z",
      "updated_at": "2020-07-30T12:21:16.129Z",
      "users": [
        2
      ]
    }
  },
  {
    "model": "api.project",
    "pk": 5,
    "fields": {
      "name": "Project 5",
      "number": "y356ywrtwe",
      "status": "archived",
      "show_estimated_man_hours": true,
      "image": 5,
      "start_date": "2020-07-30",
      "completion_date": "2020-08-30",
      "value": 123765.11,
      "value_currency": "USD",
      "is_subtask_visible_for_clients": false,
      "is_task_visible_for_clients": true,
      "created_at": "2020-07-30T12:21:16.129Z",
      "updated_at": "2020-07-30T12:21:16.129Z",
      "users": [
        2,
        4,
        5
      ]
    }
  },
  {
    "model": "api.project",
    "pk": 6,
    "fields": {
      "name": "Project 6",
      "number": "fg2645y4tf",
      "status": "tendering",
      "show_estimated_man_hours": true,
      "image": 6,
      "start_date": "2020-07-30",
      "completion_date": "2020-08-30",
      "value": 34551.43,
      "value_currency": "USD",
      "is_subtask_visible_for_clients": false,
      "is_task_visible_for_clients": true,
      "created_at": "2020-07-30T12:21:16.129Z",
      "updated_at": "2020-07-30T12:21:16.129Z",
      "users": [
        3
      ]
    }
  },
  {
    "model": "api.project",
    "pk": 7,
    "fields": {
      "name": "Projcto 7",
      "number": "rt4efweewe",
      "status": "tendering",
      "show_estimated_man_hours": false,
      "image": 7,
      "start_date": "2020-07-30",
      "completion_date": "2020-08-30",
      "value": 2346345.54,
      "value_currency": "USD",
      "is_subtask_visible_for_clients": false,
      "is_task_visible_for_clients": true,
      "created_at": "2020-07-30T12:21:16.129Z",
      "updated_at": "2020-07-30T12:21:16.129Z"
    }
  },
  {
    "model": "api.packagematrix",
    "pk": 1,
    "fields": {
      "project": 6,
      "package": 4,
      "package_activity": 1,
      "created_at": "2020-07-30T12:21:16.129Z",
      "updated_at": "2020-07-30T12:21:16.129Z"
    }
  },
  {
    "model": "api.packagematrix",
    "pk": 2,
    "fields": {
      "project": 5,
      "package": 4,
      "package_activity": 2,
      "created_at": "2020-07-30T12:21:16.129Z",
      "updated_at": "2020-07-30T12:21:16.129Z"
    }
  },
  {
    "model": "api.packagematrix",
    "pk": 3,
    "fields": {
      "project": 5,
      "package": 4,
      "package_activity": 3,
      "created_at": "2020-07-30T12:21:16.129Z",
      "updated_at": "2020-07-30T12:21:16.129Z"
    }
  },
  {
    "model": "api.packagematrix",
    "pk": 4,
    "fields": {
      "project": 5,
      "package": 3,
      "package_activity": 4,
      "created_at": "2020-07-30T12:21:16.129Z",
      "updated_at": "2020-07-30T12:21:16.129Z"
    }
  },
  {
    "model": "api.packagematrix",
    "pk": 5,
    "fields": {
      "project": 5,
      "package": 4,
      "package_activity": 1,
      "created_at": "2020-07-30T12:21:16.129Z",
      "updated_at": "2020-07-30T12:21:16.129Z"
    }
  },
  {
    "model": "api.packagematrixhiddenactivitytask",
    "pk": 1,
    "fields": {
      "package_matrix": 4,
      "package_activity_task": 1,
      "created_at": "2020-07-30T12:21:16.129Z",
      "updated_at": "2020-07-30T12:21:16.129Z"
    }
  },
  {
    "model": "api.locationmatrix",
    "pk": 1,
    "fields": {
      "project": 5,
      "building": "Building A",
      "level": "A",
      "area": "Hall",
      "created_at": "2020-07-30T12:21:16.129Z",
      "updated_at": "2020-07-30T12:21:16.129Z"
    }
  },
  {
    "model": "api.locationmatrix",
    "pk": 2,
    "fields": {
      "project": 5,
      "building": "Building A",
      "level": "A",
      "area": "Meeting room",
      "created_at": "2020-07-30T12:21:16.129Z",
      "updated_at": "2020-07-30T12:21:16.129Z"
    }
  },
  {
    "model": "api.locationmatrix",
    "pk": 3,
    "fields": {
      "project": 5,
      "building": "Building A",
      "level": "B",
      "area": "Hall",
      "created_at": "2020-07-30T12:21:16.129Z",
      "updated_at": "2020-07-30T12:21:16.129Z"
    }
  },
  {
    "model": "api.locationmatrix",
    "pk": 4,
    "fields": {
      "project": 6,
      "building": "Building A",
      "level": "A",
      "area": "Hall",
      "created_at": "2020-07-30T12:21:16.129Z",
      "updated_at": "2020-07-30T12:21:16.129Z"
    }
  },
  {
    "model": "api.locationmatrix",
    "pk": 5,
    "fields": {
      "project": 5,
      "building": "Building D",
      "level": "A",
      "area": "Hall",
      "created_at": "2020-07-30T12:21:16.129Z",
      "updated_at": "2020-07-30T12:21:16.129Z"
    }
  },
  {
    "model": "api.locationmatrix",
    "pk": 6,
    "fields": {
      "project": 6,
      "building": "Building A",
      "level": "R",
      "area": "Kitchen",
      "created_at": "2020-07-30T12:21:16.129Z",
      "updated_at": "2020-07-30T12:21:16.129Z"
    }
  },
  {
    "model": "api.locationmatrixpackage",
    "pk": 1,
    "fields": {
      "location_matrix": 1,
      "package_matrix": 2,
      "enabled": false,
      "package": 4,
      "package_activity": 2,
      "media": [
        1,
        2
      ],
      "package_activity_name": "Second package activity",
      "created_at": "2020-07-30T12:21:16.129Z",
      "updated_at": "2020-07-30T12:21:16.129Z"
    }
  },
  {
    "model": "api.locationmatrixpackage",
    "pk": 2,
    "fields": {
      "location_matrix": 1,
      "package_matrix": 3,
      "enabled": false,
      "package": 4,
      "package_activity": 3,
      "package_activity_name": "Third package activity",
      "created_at": "2020-07-30T12:21:16.129Z",
      "updated_at": "2020-07-30T12:21:16.129Z"
    }
  },
  {
    "model": "api.locationmatrixpackage",
    "pk": 3,
    "fields": {
      "location_matrix": 1,
      "package_matrix": 4,
      "enabled": true,
      "package": 3,
      "package_activity": 4,
      "package_activity_name": "Fourth package activity",
      "created_at": "2020-07-30T12:21:16.129Z",
      "updated_at": "2020-07-30T12:21:16.129Z"
    }
  },
  {
    "model": "api.locationmatrixpackage",
    "pk": 4,
    "fields": {
      "location_matrix": 1,
      "package_matrix": 5,
      "package": 4,
      "package_activity": 1,
      "package_activity_name": "First package activity",
      "enabled": true,
      "created_at": "2020-07-30T12:21:16.129Z",
      "updated_at": "2020-07-30T12:21:16.129Z"
    }
  },
  {
    "model": "api.locationmatrixpackage",
    "pk": 5,
    "fields": {
      "location_matrix": 2,
      "package_matrix": 2,
      "package": 4,
      "package_activity": 2,
      "package_activity_name": "Second package activity",
      "enabled": false,
      "created_at": "2020-07-30T12:21:16.129Z",
      "updated_at": "2020-07-30T12:21:16.129Z"
    }
  },
  {
    "model": "api.locationmatrixpackage",
    "pk": 6,
    "fields": {
      "location_matrix": 2,
      "package_matrix": 3,
      "package": 4,
      "package_activity": 3,
      "package_activity_name": "Third package activity",
      "enabled": true,
      "created_at": "2020-07-30T12:21:16.129Z",
      "updated_at": "2020-07-30T12:21:16.129Z"
    }
  },
  {
    "model": "api.locationmatrixpackage",
    "pk": 7,
    "fields": {
      "location_matrix": 2,
      "package_matrix": 4,
      "package": 3,
      "package_activity": 4,
      "package_activity_name": "Fourth package activity",
      "enabled": false,
      "created_at": "2020-07-30T12:21:16.129Z",
      "updated_at": "2020-07-30T12:21:16.129Z"
    }
  },
  {
    "model": "api.locationmatrixpackage",
    "pk": 8,
    "fields": {
      "location_matrix": 2,
      "package_matrix": 5,
      "package": 4,
      "package_activity": 1,
      "package_activity_name": "First package activity",
      "enabled": true,
      "created_at": "2020-07-30T12:21:16.129Z",
      "updated_at": "2020-07-30T12:21:16.129Z"
    }
  },
  {
    "model": "api.task",
    "pk": 1,
    "fields": {
      "location_matrix": 1,
      "package_activity": 2,
      "package": 4,
      "package_activity_task": 2,
      "building": "Building A",
      "level": "A",
      "area": "Hall",
      "status": "accepted",
      "user": 2,
      "project": 5,
      "date_of_approval": "2020-07-30T12:21:16.129Z",
      "created_at": "2020-07-30T12:21:16.129Z",
      "updated_at": "2020-07-30T12:21:16.129Z",
      "deleted": "2020-07-30T12:21:16.129Z"
    }
  },
  {
    "model": "api.task",
    "pk": 2,
    "fields": {
      "location_matrix": 1,
      "package_activity": 4,
      "package": 3,
      "package_activity_task": 4,
      "building": "Building A",
      "level": "A",
      "area": "Hall",
      "status": "not_applicable",
      "user": 2,
      "project": 5,
      "created_at": "2020-07-29T12:21:16.129Z",
      "updated_at": "2020-07-29T12:21:16.129Z"
    }
  },
  {
    "model": "api.task",
    "pk": 3,
    "fields": {
      "location_matrix": 1,
      "package_activity": 4,
      "package": 3,
      "package_activity_task": 5,
      "building": "Building A",
      "level": "A",
      "area": "Hall",
      "status": "not_verified",
      "user": 2,
      "project": 5,
      "created_at": "2020-07-28T12:21:16.129Z",
      "updated_at": "2020-07-30T12:21:16.129Z"
    }
  },
  {
    "model": "api.task",
    "pk": 4,
    "fields": {
      "location_matrix": 2,
      "package_activity": 2,
      "package": 4,
      "package_activity_task": 2,
      "building": "Building A",
      "level": "A",
      "area": "Meeting room",
      "status": "not_verified",
      "user": 3,
      "project": 5,
      "created_at": "2020-07-27T12:21:16.129Z",
      "updated_at": "2020-07-30T12:21:16.129Z"
    }
  },
  {
    "model": "api.subtask",
    "pk": 1,
    "fields": {
      "task": 1,
      "status": "removed",
      "user": 2,
      "created_at": "2020-07-30T12:21:16.129Z",
      "updated_at": "2020-07-30T12:21:16.129Z",
      "due_date": "2020-07-30T12:21:16.129Z"
    }
  },
  {
    "model": "api.editmode",
    "pk": 1,
    "fields": {
      "project": 5,
      "user": 2,
      "created_at": "2020-07-30T12:21:16.129Z",
      "updated_at": "2020-07-30T12:21:16.129Z"
    }
  },
  {
    "model": "api.recipient",
    "pk": 1,
    "fields": {
      "first_name": "Tom",
      "last_name": "Soyer",
      "email": "tom_digidom@gmail.com",
      "created_at": "2020-07-30T12:21:16.129Z",
      "updated_at": "2020-08-30T12:21:16.129Z"
    }
  },
  {
    "model": "api.recipient",
    "pk": 2,
    "fields": {
      "first_name": "Gan",
      "last_name": "Gsta",
      "email": "gan_gsta@gmail.com",
      "user_id": 1,
      "created_at": "2020-07-30T12:21:16.129Z",
      "updated_at": "2020-08-30T12:21:16.129Z"
    }
  },
  {
    "model": "api.recipient",
    "pk": 3,
    "fields": {
      "first_name": "Joshua",
      "last_name": "Milgrem",
      "email": "staff_owner@gmail.com",
      "user_id": 1,
      "created_at": "2020-07-30T12:21:16.129Z",
      "updated_at": "2020-08-30T12:21:16.129Z"
    }
  },
  {
    "model": "api.taskupdate",
    "pk": 1,
    "fields": {
      "task": 2,
      "comment": "test comment!",
      "old_data": {
        "status": "outstanding"
      },
      "new_data": {
        "status": "accepted"
      },
      "files": [
        1
      ],
      "user": 1,
      "recipients": [
        1,
        2,
        3
      ],
      "created_at": "2020-07-30T12:21:16.129Z",
      "updated_at": "2020-07-30T12:21:16.129Z"
    }
  },
  {
    "model": "api.taskupdate",
    "pk": 2,
    "fields": {
      "task": 2,
      "comment": "test comment2!",
      "old_data": {
        "status": "outstanding"
      },
      "new_data": {
        "status": "accepted"
      },
      "files": [
        1,
        2,
        3
      ],
      "user": 1,
      "created_at": "2020-06-30T12:21:16.129Z",
      "updated_at": "2020-06-30T12:21:16.129Z"
    }
  },
  {
    "model": "api.taskupdate",
    "pk": 3,
    "fields": {
      "task": 2,
      "comment": "test comment3!",
      "old_data": {
        "status": "outstanding"
      },
      "new_data": {
        "status": "accepted"
      },
      "files": [
        1,
        2
      ],
      "user": 1,
      "created_at": "2020-09-30T12:21:16.129Z",
      "updated_at": "2020-09-30T12:21:16.129Z"
    }
  },
  {
    "model": "api.taskupdate",
    "pk": 4,
    "fields": {
      "task": 1,
      "comment": "test comment12!",
      "old_data": {
        "status": "outstanding"
      },
      "new_data": {
        "status": "accepted"
      },
      "files": [
        1
      ],
      "user": 1,
      "created_at": "2020-09-30T12:21:16.129Z",
      "updated_at": "2020-09-30T12:21:16.129Z"
    }
  }
]
