[
  {
    "model": "api.company",
    "pk": 1,
    "fields": {
      "name": "Dodge",
      "created_at": "2020-07-30T12:21:16.129Z",
      "updated_at": "2020-07-30T12:21:16.129Z"
    }
  },
  {
    "model": "api.company",
    "pk": 2,
    "fields": {
      "name": "Ford",
      "created_at": "2020-07-30T12:21:16.129Z",
      "updated_at": "2020-07-30T12:21:16.129Z"
    }
  },
  {
    "model": "api.company",
    "pk": 3,
    "fields": {
      "name": "Toyota",
      "created_at": "2020-07-30T12:21:16.129Z",
      "updated_at": "2020-07-30T12:21:16.129Z"
    }
  },
  {
    "model": "api.user",
    "pk": 1,
    "fields": {
      "password": "bcrypt_sha256$$2b$12$bmj11SqWnZE1CpgbqqT0.OPXBKGMzTVyLsDWsBe3dRoxlCtN2sP9i",
      "last_login": null,
      "is_superuser": true,
      "first_name": "Bradwood",
      "last_name": "Feat",
      "is_staff": true,
      "is_active": true,
      "date_joined": "2020-07-30T12:21:16.129Z",
      "email": "cool.brad@gmail.com",
      "company": 1,
      "phone": "+41524204242",
      "position": "Cool Brad",
      "group": 1,
      "groups": [
        1
      ],
      "created_at": "2020-07-30T12:21:16.129Z",
      "updated_at": "2020-07-30T12:21:16.129Z"
    }
  },
  {
    "model": "api.user",
    "pk": 2,
    "fields": {
      "password": "bcrypt_sha256$$2b$12$bmj11SqWnZE1CpgbqqT0.OPXBKGMzTVyLsDWsBe3dRoxlCtN2sP9i",
      "last_login": null,
      "is_superuser": false,
      "first_name": "Brad",
      "last_name": "Seatwood",
      "is_staff": true,
      "is_active": true,
      "date_joined": "2020-07-30T12:21:16.129Z",
      "email": "cool.brad+1@gmail.com",
      "company": 2,
      "phone": "+41524204242",
      "position": "Cool Brad",
      "group": 3,
      "groups": [
        3
      ],
      "created_at": "2020-07-30T12:21:16.129Z",
      "updated_at": "2020-07-30T12:21:16.129Z"
    }
  },
  {
    "model": "api.user",
    "pk": 3,
    "fields": {
      "password": "bcrypt_sha256$$2b$12$bmj11SqWnZE1CpgbqqT0.OPXBKGMzTVyLsDWsBe3dRoxlCtN2sP9i",
      "last_login": null,
      "is_superuser": false,
      "first_name": "Brad",
      "last_name": "Heat",
      "is_staff": true,
      "is_active": true,
      "date_joined": "2020-07-30T12:21:16.129Z",
      "email": "cool.brad+2wood@gmail.com",
      "company": 3,
      "phone": "+41524204242",
      "position": "Cool Brad",
      "group": 2,
      "groups": [
        2
      ],
      "created_at": "2020-07-30T12:21:16.129Z",
      "updated_at": "2020-07-30T12:21:16.129Z"
    }
  },
  {
    "model": "api.user",
    "pk": 4,
    "fields": {
      "password": "bcrypt_sha256$$2b$12$bmj11SqWnZE1CpgbqqT0.OPXBKGMzTVyLsDWsBe3dRoxlCtN2sP9i",
      "last_login": null,
      "is_superuser": false,
      "first_name": "Brad",
      "last_name": "Subcontractor",
      "is_staff": false,
      "is_active": true,
      "date_joined": "2020-07-30T12:21:16.129Z",
      "email": "cool.subcontractor@gmail.com",
      "company": 3,
      "phone": "+41524204242",
      "position": "Cool Subcontractor",
      "group": 4,
      "groups": [
        4
      ],
      "created_at": "2020-07-30T12:21:16.129Z",
      "updated_at": "2020-07-30T12:21:16.129Z"
    }
  },
  {
    "model": "api.user",
    "pk": 5,
    "fields": {
      "password": "bcrypt_sha256$$2b$12$bmj11SqWnZE1CpgbqqT0.OPXBKGMzTVyLsDWsBe3dRoxlCtN2sP9i",
      "last_login": null,
      "is_superuser": false,
      "first_name": "Second Brad",
      "last_name": "Subcontractor",
      "is_staff": false,
      "is_active": true,
      "date_joined": "2020-07-30T12:21:16.129Z",
      "email": "second.subcontractor@gmail.com",
      "company": 2,
      "phone": "+41524204242",
      "position": "Cool Second Subcontractor",
      "group": 4,
      "groups": [
        4
      ],
      "created_at": "2020-07-30T12:21:16.129Z",
      "updated_at": "2020-07-30T12:21:16.129Z"
    }
  },
  {
    "model": "api.user",
    "pk": 6,
    "fields": {
      "password": "bcrypt_sha256$$2b$12$bmj11SqWnZE1CpgbqqT0.OPXBKGMzTVyLsDWsBe3dRoxlCtN2sP9i",
      "last_login": null,
      "is_superuser": false,
      "first_name": "Brad",
      "last_name": "Subcontractor 3",
      "is_staff": false,
      "is_active": true,
      "date_joined": "2020-07-30T12:21:16.129Z",
      "email": "cool.subcontractor3@gmail.com",
      "company": 3,
      "phone": "+41524204242",
      "position": "Cool Subcontractor 3",
      "group": 4,
      "groups": [
        4
      ],
      "created_at": "2020-07-30T12:21:16.129Z",
      "updated_at": "2020-07-30T12:21:16.129Z"
    }
  },
  {
    "model": "api.user",
    "pk": 7,
    "fields": {
      "password": "bcrypt_sha256$$2b$12$bmj11SqWnZE1CpgbqqT0.OPXBKGMzTVyLsDWsBe3dRoxlCtN2sP9i",
      "last_login": null,
      "is_superuser": false,
      "first_name": "Brad",
      "last_name": "Subcontractor 4",
      "is_staff": false,
      "is_active": true,
      "date_joined": "2020-07-30T12:21:16.129Z",
      "email": "cool.subcontractor4@gmail.com",
      "company": 1,
      "phone": "+41524204242",
      "position": "Cool Subcontractor 4",
      "group": 4,
      "groups": [
        4
      ],
      "created_at": "2020-07-30T12:21:16.129Z",
      "updated_at": "2020-07-30T12:21:16.129Z"
    }
  },
  {
    "model": "api.user",
    "pk": 8,
    "fields": {
      "password": "bcrypt_sha256$$2b$12$bmj11SqWnZE1CpgbqqT0.OPXBKGMzTVyLsDWsBe3dRoxlCtN2sP9i",
      "last_login": null,
      "is_superuser": false,
      "first_name": "Brad",
      "last_name": "Seatwood 2",
      "is_staff": true,
      "is_active": true,
      "date_joined": "2020-07-30T12:21:16.129Z",
      "email": "cool.brad+3@gmail.com",
      "company": 2,
      "phone": "+41524204242",
      "position": "Cool Brad 2",
      "group": 3,
      "groups": [
        3
      ],
      "created_at": "2020-07-30T12:21:16.129Z",
      "updated_at": "2020-07-30T12:21:16.129Z"
    }
  },
  {
    "model": "api.user",
    "pk": 9,
    "fields": {
      "password": "bcrypt_sha256$$2b$12$bmj11SqWnZE1CpgbqqT0.OPXBKGMzTVyLsDWsBe3dRoxlCtN2sP9i",
      "last_login": null,
      "is_superuser": false,
      "first_name": "Brad",
      "last_name": "Heat",
      "is_staff": true,
      "is_active": true,
      "date_joined": "2020-07-30T12:21:16.129Z",
      "email": "cool.brad+4wood@gmail.com",
      "company": 3,
      "phone": "+41524204242",
      "position": "Cool Brad 3",
      "group": 2,
      "groups": [
        2
      ],
      "created_at": "2020-07-30T12:21:16.129Z",
      "updated_at": "2020-07-30T12:21:16.129Z"
    }
  },
  {
    "model": "api.user",
    "pk": 10,
    "fields": {
      "password": "bcrypt_sha256$$2b$12$bmj11SqWnZE1CpgbqqT0.OPXBKGMzTVyLsDWsBe3dRoxlCtN2sP9i",
      "last_login": null,
      "is_superuser": false,
      "first_name": "Brad",
      "last_name": "Peak",
      "is_staff": false,
      "is_active": true,
      "date_joined": "2020-07-30T12:21:16.129Z",
      "email": "client.brad+wood@gmail.com",
      "company": 3,
      "phone": "+41524204242",
      "position": "Client Brad 3",
      "group": 5,
      "groups": [
        5
      ],
      "created_at": "2020-07-30T12:21:16.129Z",
      "updated_at": "2020-07-30T12:21:16.129Z"
    }
  },
  {
    "model": "api.user",
    "pk": 11,
    "fields": {
      "password": "bcrypt_sha256$$2b$12$bmj11SqWnZE1CpgbqqT0.OPXBKGMzTVyLsDWsBe3dRoxlCtN2sP9i",
      "last_login": null,
      "is_superuser": false,
      "first_name": "Brad",
      "last_name": "Iron",
      "is_staff": false,
      "is_active": true,
      "date_joined": "2020-07-30T12:21:16.129Z",
      "email": "client.brad+1wood@gmail.com",
      "company": 3,
      "phone": "+41524204242",
      "position": "Client Brad 3",
      "group": 5,
      "groups": [
        5
      ],
      "created_at": "2020-07-30T12:21:16.129Z",
      "updated_at": "2020-07-30T12:21:16.129Z"
    }
  },
  {
    "model": "api.user",
    "pk": 12,
    "fields": {
      "password": "bcrypt_sha256$$2b$12$bmj11SqWnZE1CpgbqqT0.OPXBKGMzTVyLsDWsBe3dRoxlCtN2sP9i",
      "last_login": null,
      "is_superuser": false,
      "first_name": "Brad",
      "last_name": "Frog",
      "is_staff": false,
      "is_active": true,
      "date_joined": "2020-07-30T12:21:16.129Z",
      "email": "consultant.brad+wood@gmail.com",
      "company": 3,
      "phone": "+41524204242",
      "position": "Consultant Brad 3",
      "group": 6,
      "groups": [
        6
      ],
      "created_at": "2020-07-30T12:21:16.129Z",
      "updated_at": "2020-07-30T12:21:16.129Z"
    }
  },
  {
    "model": "api.user",
    "pk": 13,
    "fields": {
      "password": "bcrypt_sha256$$2b$12$bmj11SqWnZE1CpgbqqT0.OPXBKGMzTVyLsDWsBe3dRoxlCtN2sP9i",
      "last_login": null,
      "is_superuser": false,
      "first_name": "Brad",
      "last_name": "Neat",
      "is_staff": false,
      "is_active": true,
      "date_joined": "2020-07-30T12:21:16.129Z",
      "email": "consultant.brad+1wood@gmail.com",
      "company": 3,
      "phone": "+41524204242",
      "position": "Consultant Brad 3",
      "group": 6,
      "groups": [
        6
      ],
      "created_at": "2020-07-30T12:21:16.129Z",
      "updated_at": "2020-07-30T12:21:16.129Z"
    }
  },
  {
    "model": "api.media",
    "pk": 1,
    "fields": {
      "name": "troom.png",
      "link": "troom.png",
      "hash": "sdogijh459ythgfd",
      "created_at": "2020-07-30T12:21:16.129Z",
      "updated_at": "2020-07-30T12:21:16.129Z"
    }
  },
  {
    "model": "api.media",
    "pk": 2,
    "fields": {
      "name": "broom.png",
      "link": "broom.png",
      "hash": "werutgh45whgdgfh",
      "created_at": "2020-07-30T12:21:16.129Z",
      "updated_at": "2020-07-30T12:21:16.129Z"
    }
  },
  {
    "model": "api.media",
    "pk": 3,
    "fields": {
      "name": "kroom.png",
      "link": "kroom.png",
      "hash": "ugh4589thgdghdjfg",
      "created_at": "2020-07-30T12:21:16.129Z",
      "updated_at": "2020-07-30T12:21:16.129Z"
    }
  },
  {
    "model": "api.media",
    "pk": 4,
    "fields": {
      "name": "sroom.png",
      "link": "sroom.png",
      "hash": "erotuihj4958ghsdfgdf",
      "created_at": "2020-07-30T12:21:16.129Z",
      "updated_at": "2020-07-30T12:21:16.129Z"
    }
  },
  {
    "model": "api.media",
    "pk": 5,
    "fields": {
      "name": "kroom.png",
      "link": "kroom.png",
      "hash": "fdghk45ujgdfgdfg",
      "created_at": "2020-07-30T12:21:16.129Z",
      "updated_at": "2020-07-30T12:21:16.129Z"
    }
  },
  {
    "model": "api.media",
    "pk": 6,
    "fields": {
      "name": "lroom.png",
      "link": "lroom.png",
      "hash": "sdugkhwghsdgsdfgds",
      "created_at": "2020-07-30T12:21:16.129Z",
      "updated_at": "2020-07-30T12:21:16.129Z"
    }
  },
  {
    "model": "api.media",
    "pk": 7,
    "fields": {
      "name": "wroom.png",
      "link": "wroom.png",
      "hash": "riouthyy429857thdfg",
      "created_at": "2020-07-30T12:21:16.129Z",
      "updated_at": "2020-07-30T12:21:16.129Z"
    }
  },
  {
    "model": "api.packageactivitytask",
    "pk": 1,
    "fields": {
      "description": "First desc",
      "created_at": "2020-07-30T12:21:16.129Z",
      "updated_at": "2020-07-30T12:21:16.129Z",
      "package_activity": 1
    }
  },
  {
    "model": "api.packageactivitytask",
    "pk": 2,
    "fields": {
      "description": "Second desc",
      "created_at": "2020-07-30T12:21:16.129Z",
      "updated_at": "2020-07-30T12:21:16.129Z",
      "package_activity": 2
    }
  },
  {
    "model": "api.packageactivitytask",
    "pk": 3,
    "fields": {
      "description": "Third desc",
      "created_at": "2020-07-30T12:21:16.129Z",
      "updated_at": "2020-07-30T12:21:16.129Z",
      "package_activity": 3,
      "is_not_applicable_status_by_default": false
    }
  },
  {
    "model": "api.packageactivitytask",
    "pk": 4,
    "fields": {
      "description": "Fourth desc",
      "created_at": "2020-07-30T12:21:16.129Z",
      "updated_at": "2020-07-30T12:21:16.129Z",
      "package_activity": 4
    }
  },
  {
    "model": "api.packageactivitytask",
    "pk": 5,
    "fields": {
      "description": "Fifth desc",
      "created_at": "2020-07-30T12:21:16.129Z",
      "updated_at": "2020-07-30T12:21:16.129Z",
      "package_activity": 4
    }
  },
  {
    "model": "api.packageactivitytask",
    "pk": 6,
    "fields": {
      "description": "Sixth desc",
      "created_at": "2020-07-30T12:21:16.129Z",
      "updated_at": "2020-07-30T12:21:16.129Z",
      "package_activity": 5
    }
  },
  {
    "model": "api.packageactivitytask",
    "pk": 7,
    "fields": {
      "description": "Seventh desc",
      "created_at": "2020-07-30T12:21:16.129Z",
      "updated_at": "2020-07-30T12:21:16.129Z",
      "package_activity": 5
    }
  },
  {
    "model": "api.packageactivity",
    "pk": 1,
    "fields": {
      "name": "First package activity",
      "created_at": "2020-07-30T12:21:16.129Z",
      "updated_at": "2020-07-30T12:21:16.129Z"
    }
  },
  {
    "model": "api.packageactivity",
    "pk": 2,
    "fields": {
      "name": "Second package activity",
      "created_at": "2020-07-30T12:21:16.129Z",
      "updated_at": "2020-07-30T12:21:16.129Z"
    }
  },
  {
    "model": "api.packageactivity",
    "pk": 3,
    "fields": {
      "name": "Third package activity",
      "created_at": "2020-07-30T12:21:16.129Z",
      "updated_at": "2020-07-30T12:21:16.129Z"
    }
  },
  {
    "model": "api.packageactivity",
    "pk": 4,
    "fields": {
      "name": "Fourth package activity",
      "created_at": "2020-07-30T12:21:16.129Z",
      "updated_at": "2020-07-30T12:21:16.129Z"
    }
  },
  {
    "model": "api.packageactivity",
    "pk": 5,
    "fields": {
      "name": "Fifth package activity",
      "created_at": "2020-07-30T12:21:16.129Z",
      "updated_at": "2020-07-30T12:21:16.129Z"
    }
  },
  {
    "model": "api.package",
    "pk": 1,
    "fields": {
      "name": "First package",
      "order": 2,
      "created_at": "2020-07-30T12:21:16.129Z",
      "updated_at": "2020-07-30T12:21:16.129Z"
    }
  },
  {
    "model": "api.package",
    "pk": 2,
    "fields": {
      "name": "Second package",
      "order": 3,
      "created_at": "2020-07-30T12:21:16.129Z",
      "updated_at": "2020-07-30T12:21:16.129Z"
    }
  },
  {
    "model": "api.package",
    "pk": 3,
    "fields": {
      "name": "Third package",
      "order": 4,
      "created_at": "2020-07-30T12:21:16.129Z",
      "updated_at": "2020-07-30T12:21:16.129Z"
    }
  },
  {
    "model": "api.package",
    "pk": 4,
    "fields": {
      "name": "Fourth package",
      "order": 5,
      "created_at": "2020-07-30T12:21:16.129Z",
      "updated_at": "2020-07-30T12:21:16.129Z"
    }
  },
  {
    "model": "api.project",
    "pk": 1,
    "fields": {
      "name": "Project 1",
      "number": "dfg134",
      "status": "tendering",
      "show_estimated_man_hours": true,
      "image": 1,
      "start_date": "2020-07-30",
      "completion_date": "2020-08-30",
      "value": 2343456.23,
      "value_currency": "USD",
      "created_at": "2020-07-30T12:21:16.129Z",
      "updated_at": "2020-07-30T12:21:16.129Z",
      "users": [
        2
      ]
    }
  },
  {
    "model": "api.project",
    "pk": 2,
    "fields": {
      "name": "Project 2",
      "number": "h5636uytsf",
      "status": "under_construction",
      "show_estimated_man_hours": false,
      "image": 2,
      "start_date": "2020-07-30",
      "completion_date": "2020-08-30",
      "value": 6534.65,
      "value_currency": "USD",
      "created_at": "2020-07-30T12:21:16.129Z",
      "updated_at": "2020-07-30T12:21:16.129Z",
      "users": [
        2
      ],
      "key_contacts": [
        2
      ]
    }
  },
  {
    "model": "api.project",
    "pk": 3,
    "fields": {
      "name": "Mitron 3",
      "number": "7th46ds",
      "status": "partially_completed",
      "show_estimated_man_hours": true,
      "image": 3,
      "start_date": "2020-07-30",
      "completion_date": "2020-08-30",
      "value": 765.34,
      "value_currency": "USD",
      "created_at": "2020-07-30T12:21:16.129Z",
      "updated_at": "2020-07-30T12:21:16.129Z"
    }
  },
  {
    "model": "api.project",
    "pk": 4,
    "fields": {
      "name": "Project 4",
      "number": "h356ydgd",
      "status": "completed",
      "show_estimated_man_hours": true,
      "image": 4,
      "start_date": "2020-07-30",
      "completion_date": "2020-08-30",
      "value": 765543.43,
      "value_currency": "USD",
      "created_at": "2020-07-30T12:21:16.129Z",
      "updated_at": "2020-07-30T12:21:16.129Z",
      "users": [
        2
      ]
    }
  },
  {
    "model": "api.project",
    "pk": 5,
    "fields": {
      "name": "Project 5",
      "number": "y356ywrtwe",
      "status": "archived",
      "show_estimated_man_hours": true,
      "image": 5,
      "start_date": "2020-07-30",
      "completion_date": "2020-08-30",
      "value": 123765.11,
      "value_currency": "USD",
      "is_subtask_visible_for_clients": true,
      "created_at": "2020-07-30T12:21:16.129Z",
      "updated_at": "2020-07-30T12:21:16.129Z"
    }
  },
  {
    "model": "api.projectuser",
    "pk": 1,
    "fields": {
      "project": 5,
      "user": 2,
      "is_notifications_enabled": true,
      "created_at": "2020-07-30T12:21:16.129Z",
      "updated_at": "2020-07-30T12:21:16.129Z"
    }
  },
  {
    "model": "api.projectuser",
    "pk": 2,
    "fields": {
      "project": 5,
      "user": 4,
      "is_notifications_enabled": false,
      "created_at": "2020-07-30T12:21:16.129Z",
      "updated_at": "2020-07-30T12:21:16.129Z"
    }
  },
  {
    "model": "api.projectuser",
    "pk": 3,
    "fields": {
      "project": 5,
      "user": 5,
      "is_notifications_enabled": false,
      "created_at": "2020-07-30T12:21:16.129Z",
      "updated_at": "2020-07-30T12:21:16.129Z"
    }
  },
  {
    "model": "api.projectuser",
    "pk": 5,
    "fields": {
      "project": 5,
      "user": 7,
      "is_notifications_enabled": false,
      "created_at": "2020-07-30T12:21:16.129Z",
      "updated_at": "2020-07-30T12:21:16.129Z"
    }
  },
  {
    "model": "api.projectuser",
    "pk": 6,
    "fields": {
      "project": 5,
      "user": 3,
      "is_notifications_enabled": false,
      "created_at": "2020-07-30T12:21:16.129Z",
      "updated_at": "2020-07-30T12:21:16.129Z"
    }
  },
  {
    "model": "api.projectuser",
    "pk": 7,
    "fields": {
      "project": 5,
      "user": 10,
      "is_notifications_enabled": false,
      "created_at": "2020-07-30T12:21:16.129Z",
      "updated_at": "2020-07-30T12:21:16.129Z"
    }
  },
  {
    "model": "api.projectuser",
    "pk": 8,
    "fields": {
      "project": 5,
      "user": 12,
      "is_notifications_enabled": false,
      "created_at": "2020-07-30T12:21:16.129Z",
      "updated_at": "2020-07-30T12:21:16.129Z"
    }
  },
  {
    "model": "api.project",
    "pk": 6,
    "fields": {
      "name": "Project 6",
      "number": "fg2645y4tf",
      "status": "tendering",
      "show_estimated_man_hours": true,
      "image": 6,
      "start_date": "2020-07-30",
      "completion_date": "2020-08-30",
      "value": 34551.43,
      "value_currency": "USD",
      "created_at": "2020-07-30T12:21:16.129Z",
      "updated_at": "2020-07-30T12:21:16.129Z",
      "users": [
        3
      ]
    }
  },
  {
    "model": "api.project",
    "pk": 7,
    "fields": {
      "name": "Projcto 7",
      "number": "rt4efweewe",
      "status": "tendering",
      "show_estimated_man_hours": false,
      "image": 7,
      "start_date": "2020-07-30",
      "completion_date": "2020-08-30",
      "value": 2346345.54,
      "value_currency": "USD",
      "created_at": "2020-07-30T12:21:16.129Z",
      "updated_at": "2020-07-30T12:21:16.129Z"
    }
  },
  {
    "model": "api.packagematrix",
    "pk": 1,
    "fields": {
      "project": 6,
      "package": 4,
      "package_activity": 1,
      "created_at": "2020-07-30T12:21:16.129Z",
      "updated_at": "2020-07-30T12:21:16.129Z"
    }
  },
  {
    "model": "api.packagematrix",
    "pk": 2,
    "fields": {
      "project": 5,
      "package": 4,
      "package_activity": 2,
      "created_at": "2020-07-30T12:21:16.129Z",
      "updated_at": "2020-07-30T12:21:16.129Z"
    }
  },
  {
    "model": "api.packagematrix",
    "pk": 3,
    "fields": {
      "project": 5,
      "package": 4,
      "package_activity": 3,
      "created_at": "2020-07-30T12:21:16.129Z",
      "updated_at": "2020-07-30T12:21:16.129Z"
    }
  },
  {
    "model": "api.packagematrix",
    "pk": 4,
    "fields": {
      "project": 5,
      "package": 3,
      "package_activity": 4,
      "created_at": "2020-07-30T12:21:16.129Z",
      "updated_at": "2020-07-30T12:21:16.129Z"
    }
  },
  {
    "model": "api.packagematrix",
    "pk": 5,
    "fields": {
      "project": 5,
      "package": 4,
      "package_activity": 1,
      "created_at": "2020-07-30T12:21:16.129Z",
      "updated_at": "2020-07-30T12:21:16.129Z"
    }
  },
  {
    "model": "api.packagematrixcompany",
    "pk": 1,
    "fields": {
      "package_matrix": 2,
      "company": 2,
      "created_at": "2020-07-30T12:21:16.129Z",
      "updated_at": "2020-07-30T12:21:16.129Z"
    }
  },
  {
    "model": "api.packagematrixcompany",
    "pk": 2,
    "fields": {
      "package_matrix": 2,
      "company": 3,
      "created_at": "2020-07-30T12:21:16.129Z",
      "updated_at": "2020-07-30T12:21:16.129Z"
    }
  },
  {
    "model": "api.packagematrixhiddenactivitytask",
    "pk": 1,
    "fields": {
      "package_matrix": 4,
      "package_activity_task": 1,
      "created_at": "2020-07-30T12:21:16.129Z",
      "updated_at": "2020-07-30T12:21:16.129Z"
    }
  },
  {
    "model": "api.locationmatrix",
    "pk": 1,
    "fields": {
      "project": 5,
      "building": "building1",
      "level": "level1",
      "area": "beatle",
      "created_at": "2020-07-30T12:21:16.129Z",
      "updated_at": "2020-07-30T12:21:16.129Z"
    }
  },
  {
    "model": "api.locationmatrix",
    "pk": 2,
    "fields": {
      "project": 5,
      "building": "Building A",
      "level": "A",
      "area": "beatle",
      "created_at": "2020-07-30T12:21:16.129Z",
      "updated_at": "2020-07-30T12:21:16.129Z"
    }
  },
  {
    "model": "api.locationmatrix",
    "pk": 3,
    "fields": {
      "project": 5,
      "building": "Building A",
      "level": "B",
      "area": "Hall",
      "created_at": "2020-07-30T12:21:16.129Z",
      "updated_at": "2020-07-30T12:21:16.129Z"
    }
  },
  {
    "model": "api.locationmatrix",
    "pk": 4,
    "fields": {
      "project": 6,
      "building": "Building A",
      "level": "A",
      "area": "Hall",
      "created_at": "2020-07-30T12:21:16.129Z",
      "updated_at": "2020-07-30T12:21:16.129Z"
    }
  },
  {
    "model": "api.locationmatrix",
    "pk": 5,
    "fields": {
      "project": 5,
      "building": "Building D",
      "level": "A",
      "area": "Hall",
      "created_at": "2020-07-30T12:21:16.129Z",
      "updated_at": "2020-07-30T12:21:16.129Z"
    }
  },
  {
    "model": "api.locationmatrix",
    "pk": 6,
    "fields": {
      "project": 6,
      "building": "Building A",
      "level": "R",
      "area": "Kitchen",
      "created_at": "2020-07-30T12:21:16.129Z",
      "updated_at": "2020-07-30T12:21:16.129Z"
    }
  },
  {
    "model": "api.locationmatrixpackage",
    "pk": 1,
    "fields": {
      "location_matrix": 1,
      "package_matrix": 2,
      "enabled": true,
      "package": 4,
      "package_activity": 2,
      "package_activity_name": "Second package activity",
      "created_at": "2020-07-30T12:21:16.129Z",
      "updated_at": "2020-07-30T12:21:16.129Z"
    }
  },
  {
    "model": "api.locationmatrixpackage",
    "pk": 2,
    "fields": {
      "location_matrix": 1,
      "package_matrix": 3,
      "enabled": false,
      "package": 4,
      "package_activity": 3,
      "package_activity_name": "Third package activity",
      "created_at": "2020-07-30T12:21:16.129Z",
      "updated_at": "2020-07-30T12:21:16.129Z"
    }
  },
  {
    "model": "api.locationmatrixpackage",
    "pk": 3,
    "fields": {
      "location_matrix": 1,
      "package_matrix": 4,
      "enabled": true,
      "package": 3,
      "package_activity": 4,
      "package_activity_name": "Fourth package activity",
      "created_at": "2020-07-30T12:21:16.129Z",
      "updated_at": "2020-07-30T12:21:16.129Z"
    }
  },
  {
    "model": "api.locationmatrixpackage",
    "pk": 4,
    "fields": {
      "location_matrix": 1,
      "package_matrix": 5,
      "package": 4,
      "package_activity": 1,
      "package_activity_name": "First package activity",
      "enabled": true,
      "created_at": "2020-07-30T12:21:16.129Z",
      "updated_at": "2020-07-30T12:21:16.129Z"
    }
  },
  {
    "model": "api.locationmatrixpackage",
    "pk": 5,
    "fields": {
      "location_matrix": 2,
      "package_matrix": 2,
      "package": 4,
      "package_activity": 2,
      "package_activity_name": "Second package activity",
      "enabled": false,
      "created_at": "2020-07-30T12:21:16.129Z",
      "updated_at": "2020-07-30T12:21:16.129Z"
    }
  },
  {
    "model": "api.locationmatrixpackage",
    "pk": 6,
    "fields": {
      "location_matrix": 2,
      "package_matrix": 3,
      "package": 4,
      "package_activity": 3,
      "package_activity_name": "Third package activity",
      "enabled": true,
      "created_at": "2020-07-30T12:21:16.129Z",
      "updated_at": "2020-07-30T12:21:16.129Z"
    }
  },
  {
    "model": "api.locationmatrixpackage",
    "pk": 7,
    "fields": {
      "location_matrix": 2,
      "package_matrix": 4,
      "package": 3,
      "package_activity": 4,
      "package_activity_name": "Fourth package activity",
      "enabled": false,
      "created_at": "2020-07-30T12:21:16.129Z",
      "updated_at": "2020-07-30T12:21:16.129Z"
    }
  },
  {
    "model": "api.locationmatrixpackage",
    "pk": 8,
    "fields": {
      "location_matrix": 2,
      "package_matrix": 5,
      "package": 4,
      "package_activity": 1,
      "package_activity_name": "First package activity",
      "enabled": true,
      "created_at": "2020-07-30T12:21:16.129Z",
      "updated_at": "2020-07-30T12:21:16.129Z"
    }
  },
  {
    "model": "api.task",
    "pk": 1,
    "fields": {
      "location_matrix": 1,
      "package_activity": 2,
      "package_activity_task": 2,
      "status": "accepted",
      "user": 2,
      "created_at": "2020-07-30T12:21:16.129Z",
      "updated_at": "2020-07-30T12:21:16.129Z"
    }
  },
  {
    "model": "api.task",
    "pk": 2,
    "fields": {
      "location_matrix": 1,
      "package_activity": 4,
      "package_activity_task": 4,
      "status": "rejected",
      "user": 2,
      "created_at": "2020-07-30T12:21:16.129Z",
      "updated_at": "2020-07-30T12:21:16.129Z"
    }
  },
  {
    "model": "api.task",
    "pk": 3,
    "fields": {
      "location_matrix": 1,
      "package_activity": 4,
      "package_activity_task": 5,
      "status": "rejected",
      "user": 2,
      "created_at": "2020-07-30T12:21:16.129Z",
      "updated_at": "2020-07-30T12:21:16.129Z"
    }
  },
  {
    "model": "api.task",
    "pk": 4,
    "fields": {
      "location_matrix": 2,
      "package_activity": 2,
      "package_activity_task": 2,
      "status": "not_verified",
      "user": 2,
      "created_at": "2020-07-30T12:21:16.129Z",
      "updated_at": "2020-07-30T12:21:16.129Z"
    }
  },
  {
    "model": "api.subtask",
    "pk": 1,
    "fields": {
      "task": 1,
      "description": "test",
      "status": "in_progress",
      "user": 2,
      "company": 3,
      "quality_issue": 2,
      "is_defect": true,
      "created_at": "2020-07-31T12:21:16.129Z",
      "updated_at": "2020-07-30T12:21:16.129Z",
      "due_date": "2020-07-30T12:21:16.129Z"
    }
  },
  {
    "model": "api.subtask",
    "pk": 2,
    "fields": {
      "task": 1,
      "description": "test",
      "status": "in_progress",
      "user": 2,
      "files": [
        6
      ],
      "created_at": "2020-08-01T12:21:16.129Z",
      "updated_at": "2020-07-31T12:21:16.129Z",
      "due_date": "2020-07-30T12:21:16.129Z"
    }
  },
  {
    "model": "api.subtask",
    "pk": 3,
    "fields": {
      "task": 4,
      "description": "test",
      "status": "removed",
      "user": 2,
      "files": [
        2,
        4,
        5
      ],
      "company": 3,
      "quality_issue": 1,
      "created_at": "2020-07-30T12:21:16.129Z",
      "updated_at": "2020-07-30T12:21:16.129Z",
      "due_date": "2020-07-30T12:21:16.129Z"
    }
  },
  {
    "model": "api.subtask",
    "pk": 4,
    "fields": {
      "task": 4,
      "description": "test",
      "status": "closed",
      "user": 2,
      "files": [
        1,
        2
      ],
      "company": 3,
      "quality_issue": 1,
      "created_at": "2020-07-30T12:21:16.129Z",
      "updated_at": "2020-08-03T12:21:16.129Z",
      "due_date": "2020-07-30T12:21:16.129Z"
    }
  },
  {
    "model": "api.subtask",
    "pk": 5,
    "fields": {
      "task": 4,
      "description": "test",
      "status": "closed",
      "user": 2,
      "files": [
        1,
        2
      ],
      "created_at": "2020-07-30T12:21:16.129Z",
      "updated_at": "2020-08-30T12:21:16.129Z",
      "due_date": "2020-07-30T12:21:16.129Z"
    }
  },
  {
    "model": "api.subtask",
    "pk": 6,
    "fields": {
      "task": 3,
      "description": "test",
      "status": "closed",
      "user": 2,
      "files": [
        1,
        2
      ],
      "created_at": "2020-07-30T12:21:16.129Z",
      "updated_at": "2020-08-30T12:21:16.129Z",
      "due_date": "2020-07-30T12:21:16.129Z"
    }
  },
  {
    "model": "api.subtask",
    "pk": 7,
    "fields": {
      "task": 2,
      "description": "test",
      "status": "in_progress",
      "user": 2,
      "files": [
        1,
        2
      ],
      "company": 3,
      "quality_issue": 9,
      "created_at": "2020-07-30T12:21:16.129Z",
      "updated_at": "2020-08-30T12:21:16.129Z",
      "due_date": "2020-07-30T12:21:16.129Z"
    }
  },
  {
    "model": "api.subtask",
    "pk": 8,
    "fields": {
      "task": 1,
      "description": "test",
      "status": "contested",
      "user": 2,
      "company": 2,
      "quality_issue": 1,
      "created_at": "2020-07-30T12:21:16.129Z",
      "updated_at": "2020-07-30T12:21:16.129Z",
      "due_date": "2020-07-30T12:21:16.129Z"
    }
  },
  {
    "model": "api.subtask",
    "pk": 9,
    "fields": {
      "task": 2,
      "description": "contested test",
      "status": "declined",
      "user": 2,
      "files": [
        1,
        2
      ],
      "company": 3,
      "created_at": "2020-07-30T12:21:16.129Z",
      "updated_at": "2020-08-30T12:21:16.129Z",
      "due_date": "2020-07-30T12:21:16.129Z"
    }
  },
  {
    "model": "api.subtask",
    "pk": 10,
    "fields": {
      "task": 2,
      "description": "under_inspection test",
      "status": "under_inspection",
      "user": 2,
      "files": [
        1,
        2
      ],
      "company": 3,
      "quality_issue": 3,
      "created_at": "2020-07-30T12:21:16.129Z",
      "updated_at": "2020-08-30T12:21:16.129Z",
      "due_date": "2020-07-30T12:21:16.129Z"
    }
  },
  {
    "model": "api.subtask",
    "pk": 11,
    "fields": {
      "task": 2,
      "description": "inspection_rejected test",
      "status": "inspection_rejected",
      "user": 2,
      "files": [
        1,
        2
      ],
      "company": 3,
      "quality_issue": 2,
      "created_at": "2020-07-30T12:21:16.129Z",
      "updated_at": "2020-08-30T12:21:16.129Z",
      "due_date": "2020-07-30T12:21:16.129Z"
    }
  },
  {
    "model": "api.subtask",
    "pk": 12,
    "fields": {
      "task": 2,
      "description": "test",
      "status": "under_inspection",
      "user": 2,
      "files": [
        1,
        2
      ],
      "company": 3,
      "quality_issue": 5,
      "created_at": "2020-07-30T12:21:16.129Z",
      "updated_at": "2020-08-30T12:21:16.129Z",
      "due_date": "2020-07-30T12:21:16.129Z"
    }
  },
  {
    "model": "api.subtask",
    "pk": 13,
    "fields": {
      "task": 2,
      "description": "test",
      "status": "closed",
      "user": 2,
      "files": [
        1,
        2
      ],
      "company": 3,
      "quality_issue": 5,
      "created_at": "2020-07-30T12:21:16.129Z",
      "updated_at": "2020-08-30T12:21:16.129Z",
      "due_date": "2020-07-30T12:21:16.129Z"
    }
  },
  {
    "model": "api.subtask",
    "pk": 14,
    "fields": {
      "task": 2,
      "description": "test",
      "status": "removed",
      "user": 2,
      "files": [
        1,
        2
      ],
      "company": 3,
      "quality_issue": 5,
      "created_at": "2020-07-30T12:21:16.129Z",
      "updated_at": "2020-08-30T12:21:16.129Z",
      "due_date": "2020-07-30T12:21:16.129Z"
    }
  },
  {
    "model": "api.subtask",
    "pk": 15,
    "fields": {
      "task": 2,
      "description": "test",
      "status": "requesting_approval",
      "user": 2,
      "files": [
        1,
        2
      ],
      "company": 3,
      "quality_issue": 5,
      "created_at": "2020-07-30T12:21:16.129Z",
      "updated_at": "2020-08-30T12:21:16.129Z",
      "due_date": "2020-07-30T12:21:16.129Z"
    }
  },
  {
    "model": "api.subtask",
    "pk": 16,
    "fields": {
      "task": 2,
      "description": "test",
      "status": "in_progress",
      "user": 2,
      "files": [
        1,
        2
      ],
      "company": 3,
      "quality_issue": 5,
      "created_at": "2020-07-30T12:21:16.129Z",
      "updated_at": "2020-08-30T12:21:16.129Z",
      "due_date": "2020-07-30T12:21:16.129Z"
    }
  },
  {
    "model": "api.subtask",
    "pk": 17,
    "fields": {
      "task": 2,
      "description": "test",
      "status": "requesting_approval",
      "user": 2,
      "files": [
        1,
        2
      ],
      "company": 3,
      "quality_issue": 6,
      "created_at": "2020-07-30T12:21:16.129Z",
      "updated_at": "2020-08-30T12:21:16.129Z",
      "due_date": "2020-07-30T12:21:16.129Z"
    }
  },
  {
    "model": "api.subtask",
    "pk": 18,
    "fields": {
      "task": 2,
      "description": "inspection_rejected test",
      "status": "requesting_approval",
      "user": 2,
      "files": [
        1,
        2
      ],
      "company": 3,
      "quality_issue": 3,
      "created_at": "2020-07-30T12:21:16.129Z",
      "updated_at": "2020-08-30T12:21:16.129Z",
      "due_date": "2020-07-30T12:21:16.129Z"
    }
  },
  {
    "model": "api.subtask",
    "pk": 19,
    "fields": {
      "task": 2,
      "description": "Stone Island",
      "status": "requesting_approval",
      "user": 2,
      "files": [
        1,
        2
      ],
      "company": 3,
      "quality_issue": 3,
      "created_at": "2020-07-30T12:21:16.129Z",
      "updated_at": "2020-08-30T12:21:16.129Z",
      "due_date": "2020-07-30T12:21:16.129Z",
      "last_confirmed_update": 9
    }
  },
  {
    "model": "api.subtask",
    "pk": 20,
    "fields": {
      "task": 2,
      "description": "Stone Island",
      "status": "requested_approval_rejected",
      "user": 2,
      "files": [
        1,
        2
      ],
      "company": 3,
      "quality_issue": 10,
      "created_at": "2020-07-30T12:21:16.129Z",
      "updated_at": "2020-08-30T12:21:16.129Z",
      "due_date": "2020-07-30T12:21:16.129Z"
    }
  },
  {
    "model": "api.recipient",
    "pk": 1,
    "fields": {
      "first_name": "Tom",
      "last_name": "Soyer",
      "email": "tom_digidom@gmail.com",
      "created_at": "2020-07-30T12:21:16.129Z",
      "updated_at": "2020-08-30T12:21:16.129Z"
    }
  },
  {
    "model": "api.recipient",
    "pk": 2,
    "fields": {
      "first_name": "Gan",
      "last_name": "Gsta",
      "email": "gan_gsta@gmail.com",
      "user_id": 1,
      "created_at": "2020-07-30T12:21:16.129Z",
      "updated_at": "2020-08-30T12:21:16.129Z"
    }
  },
  {
    "model": "api.subtaskupdate",
    "pk": 1,
    "fields": {
      "subtask": 1,
      "comment": "test comment!",
      "old_data": {
        "status": "closed"
      },
      "new_data": {
        "status": "removed"
      },
      "files": [
        1
      ],
      "user": 1,
      "recipients": [
        1,
        2
      ],
      "created_at": "2020-07-30T12:21:16.129Z",
      "updated_at": "2020-07-30T12:21:16.129Z"
    }
  },
  {
    "model": "api.subtaskupdate",
    "pk": 2,
    "fields": {
      "subtask": 2,
      "comment": "test comment2!",
      "old_data": {
        "status": "removed"
      },
      "new_data": {
        "status": "closed"
      },
      "files": [
        1
      ],
      "user": 1,
      "created_at": "2020-06-30T12:21:16.129Z",
      "updated_at": "2020-06-30T12:21:16.129Z"
    }
  },
  {
    "model": "api.subtaskupdate",
    "pk": 3,
    "fields": {
      "subtask": 1,
      "comment": "test comment3!",
      "old_data": {
        "status": "closed"
      },
      "new_data": {
        "status": "removed"
      },
      "files": [
        1
      ],
      "user": 1,
      "created_at": "2020-09-30T12:21:16.129Z",
      "updated_at": "2020-09-30T12:21:16.129Z"
    }
  },
  {
    "model": "api.subtaskupdate",
    "pk": 4,
    "fields": {
      "subtask": 18,
      "comment": "This is approve!",
      "old_data": {
        "status": "under_inspection"
      },
      "new_data": {
        "status": "requesting_approval"
      },
      "files": [
        1
      ],
      "user": 1,
      "created_at": "2020-09-30T12:21:16.129Z",
      "updated_at": "2020-09-30T12:21:16.129Z"
    }
  },
  {
    "model": "api.subtaskupdate",
    "pk": 5,
    "fields": {
      "subtask": 18,
      "comment": "I've just updated approval evidence!",
      "old_data": {
        "status": "requesting_approval"
      },
      "new_data": {
        "status": "requesting_approval"
      },
      "files": [
        1
      ],
      "user": 1,
      "created_at": "2020-09-30T12:21:16.129Z",
      "updated_at": "2020-09-30T12:21:16.129Z"
    }
  },
  {
    "model": "api.subtaskupdate",
    "pk": 6,
    "fields": {
      "subtask": 19,
      "comment": "New day, new work!",
      "old_data": {},
      "new_data": {
        "status": "in_progress"
      },
      "files": [
        1
      ],
      "user": 1,
      "created_at": "2020-09-10T12:21:16.129Z",
      "updated_at": "2020-09-10T12:21:16.129Z"
    }
  },
  {
    "model": "api.subtaskupdate",
    "pk": 7,
    "fields": {
      "subtask": 19,
      "comment": "We are inspecting!",
      "old_data": {
        "status": "in_progress"
      },
      "new_data": {
        "status": "under_inspection"
      },
      "files": [
        1
      ],
      "user": 1,
      "created_at": "2020-09-11T12:21:16.129Z",
      "updated_at": "2020-09-11T12:21:16.129Z"
    }
  },
  {
    "model": "api.subtaskupdate",
    "pk": 8,
    "fields": {
      "subtask": 19,
      "comment": "New approval!",
      "old_data": {
        "status": "under_inspection"
      },
      "new_data": {
        "status": "requesting_approval"
      },
      "files": [
        1
      ],
      "user": 1,
      "created_at": "2020-09-12T12:21:16.129Z",
      "updated_at": "2020-09-12T12:21:16.129Z"
    }
  },
  {
    "model": "api.subtaskupdate",
    "pk": 9,
    "fields": {
      "subtask": 19,
      "comment": "I've just updated approval evidence!",
      "old_data": {
        "status": "requesting_approval"
      },
      "new_data": {
        "status": "requesting_approval"
      },
      "files": [
        1
      ],
      "user": 1,
      "created_at": "2020-09-13T12:21:16.129Z",
      "updated_at": "2020-09-13T12:21:16.129Z"
    }
  },
  {
    "model": "api.subtaskupdate",
    "pk": 10,
    "fields": {
      "subtask": 11,
      "comment": "The first update!",
      "old_data": {},
      "new_data": {
        "status": "in_progress"
      },
      "files": [],
      "user": 1,
      "created_at": "2020-09-13T12:21:16.129Z",
      "updated_at": "2020-09-13T12:21:16.129Z"
    }
  },
  {
    "model": "api.subtaskupdate",
    "pk": 11,
    "fields": {
      "subtask": 11,
      "comment": "To under inspection!",
      "old_data": {
        "status": "in_progress"
      },
      "new_data": {
        "status": "under_inspection"
      },
      "files": [],
      "user": 1,
      "created_at": "2020-09-13T12:21:16.129Z",
      "updated_at": "2020-09-13T12:21:16.129Z"
    }
  },
  {
    "model": "api.subtaskupdate",
    "pk": 12,
    "fields": {
      "subtask": 11,
      "comment": "To under inspection rejected!",
      "old_data": {
        "status": "under_inspection"
      },
      "new_data": {
        "status": "inspection_reject"
      },
      "files": [],
      "user": 1,
      "created_at": "2020-09-13T12:21:16.129Z",
      "updated_at": "2020-09-13T12:21:16.129Z"
    }
  },
  {
    "model": "api.qualityissue",
    "pk": 1,
    "fields": {
      "description": "Oh! My! God!",
      "status": "under_review",
      "location_matrix": 1,
      "attachments": [
        1,
        2,
        3
      ],
      "user": 1,
      "created_at": "2020-09-22T12:21:16.129Z",
      "updated_at": "2020-09-30T12:21:16.129Z"
    }
  },
  {
    "model": "api.qualityissue",
    "pk": 2,
    "fields": {
      "description": "Somebody, stop me!",
      "status": "in_progress",
      "location_matrix": 1,
      "user": 12,
      "created_at": "2020-09-23T12:21:16.129Z",
      "updated_at": "2020-09-30T12:21:16.129Z"
    }
  },
  {
    "model": "api.qualityissue",
    "pk": 3,
    "fields": {
      "description": "Stanly Parable is alive!",
      "status": "in_progress",
      "location_matrix": 1,
      "attachments": [
        1
      ],
      "user": 2,
      "created_at": "2020-09-24T12:21:16.129Z",
      "updated_at": "2020-10-02T12:21:16.129Z"
    }
  },
  {
    "model": "api.qualityissue",
    "pk": 4,
    "fields": {
      "description": "In vino veritas!",
      "status": "under_review",
      "location_matrix": 3,
      "attachments": [
        2,
        3
      ],
      "user": 1,
      "created_at": "2020-09-25T12:21:16.129Z",
      "updated_at": "2020-10-01T12:21:16.129Z"
    }
  },
  {
    "model": "api.qualityissue",
    "pk": 5,
    "fields": {
      "description": "In aqua sanitas!",
      "status": "under_review",
      "location_matrix": 1,
      "attachments": [
        3
      ],
      "user": 2,
      "created_at": "2020-09-26T12:21:16.129Z",
      "updated_at": "2020-09-30T12:21:16.129Z"
    }
  },
  {
    "model": "api.qualityissue",
    "pk": 6,
    "fields": {
      "description": "In aqua sanitas!",
      "status": "requesting_approval",
      "location_matrix": 1,
      "attachments": [
        3
      ],
      "user": 4,
      "created_at": "2020-09-27T12:21:16.129Z",
      "updated_at": "2020-09-30T12:21:16.129Z"
    }
  },
  {
    "model": "api.qualityissue",
    "pk": 7,
    "fields": {
      "description": "In aqua sanitas!",
      "status": "under_review",
      "location_matrix": 1,
      "attachments": [
        3
      ],
      "user": 5,
      "created_at": "2020-09-28T12:21:16.129Z",
      "updated_at": "2020-09-30T12:21:16.129Z"
    }
  },
  {
    "model": "api.qualityissue",
    "pk": 8,
    "fields": {
      "description": "In aqua sanitas!",
      "status": "under_review",
      "location_matrix": 1,
      "attachments": [
        3
      ],
      "user": 4,
      "created_at": "2020-09-29T12:21:16.129Z",
      "updated_at": "2020-09-30T12:21:16.129Z"
    }
  },
  {
    "model": "api.qualityissue",
    "pk": 9,
    "fields": {
      "description": "In aqua sanitas!",
      "status": "under_review",
      "location_matrix": 1,
      "attachments": [
        3
      ],
      "user": 5,
      "created_at": "2020-09-30T12:21:16.129Z",
      "updated_at": "2020-09-30T12:21:16.129Z"
    }
  },
  {
    "model": "api.qualityissue",
    "pk": 10,
    "fields": {
      "description": "In aqua sanitas!",
      "status": "requested_approval_rejected",
      "location_matrix": 1,
      "attachments": [
        3
      ],
      "user": 5,
      "created_at": "2020-09-30T12:21:16.129Z",
      "updated_at": "2020-09-30T12:21:16.129Z"
    }
  },
  {
    "model": "api.floorplan",
    "pk": 1,
    "fields": {
      "project": 5,
      "package": 4,
      "building": "building1",
      "level": "level1",
      "media": 1,
      "created_at": "2020-07-30T12:21:16.129Z",
      "updated_at": "2020-07-30T12:21:16.129Z"
    }
  },
  {
    "model": "api.floorplan",
    "pk": 2,
    "fields": {
      "project": 5,
      "package": 4,
      "building": "building1",
      "level": "level2",
      "media": 2,
      "created_at": "2020-07-30T12:21:16.129Z",
      "updated_at": "2020-07-30T12:21:16.129Z"
    }
  },
  {
    "model": "api.floorplan",
    "pk": 3,
    "fields": {
      "project": 5,
      "package": 4,
      "building": "building2",
      "level": "level1",
      "media": 3,
      "created_at": "2020-07-30T12:21:16.129Z",
      "updated_at": "2020-07-30T12:21:16.129Z"
    }
  },
  {
    "model": "api.floorplan",
    "pk": 4,
    "fields": {
      "project": 5,
      "package": 4,
      "building": "building2",
      "level": "level2",
      "media": 4,
      "created_at": "2020-07-30T12:21:16.129Z",
      "updated_at": "2020-07-30T12:21:16.129Z"
    }
  },
  {
    "model": "api.floorplan",
    "pk": 5,
    "fields": {
      "project": 5,
      "package": 4,
      "building": "building3",
      "level": "level3",
      "media": 5,
      "created_at": "2020-07-30T12:21:16.129Z",
      "updated_at": "2020-07-30T12:21:16.129Z"
    }
  },
  {
    "model": "api.floorplan",
    "pk": 6,
    "fields": {
      "project": 5,
      "package": 4,
      "building": "building4",
      "level": "level3",
      "media": 6,
      "created_at": "2020-07-30T12:21:16.129Z",
      "updated_at": "2020-07-30T12:21:16.129Z"
    }
  },
  {
    "model": "api.floorplan",
    "pk": 7,
    "fields": {
      "project": 6,
      "package": 2,
      "building": "building1",
      "level": "level1",
      "media": 6,
      "created_at": "2020-07-30T12:21:16.129Z",
      "updated_at": "2020-07-30T12:21:16.129Z"
    }
  },
  {
    "model": "api.floorplanarea",
    "pk": 1,
    "fields": {
      "floor_plan": 1,
      "area": "beatle",
      "polygon": {
        "type": "polygon",
        "version": "5.2.4",
        "originX": "left",
        "originY": "top",
        "left": 616.36,
        "top": 247.49,
        "width": 275.71,
        "height": 180.63,
        "fill": "lightblue",
        "stroke": "blue",
        "strokeWidth": 3,
        "strokeDashArray": null,
        "strokeLineCap": "butt",
        "strokeDashOffset": 0,
        "strokeLineJoin": "miter",
        "strokeUniform": false,
        "strokeMiterLimit": 4,
        "scaleX": 1,
        "scaleY": 1,
        "angle": 0,
        "flipX": false,
        "flipY": false,
        "opacity": 1,
        "shadow": null,
        "visible": true,
        "backgroundColor": "",
        "fillRule": "nonzero",
        "paintFirst": "fill",
        "globalCompositeOperation": "source-over",
        "skewX": 0,
        "skewY": 0,
        "points": [
          {
            "x": 618.3558792924038,
            "y": 249.4877049180328
          },
          {
            "x": 618.3558792924038,
            "y": 430.1168032786885
          },
          {
            "x": 894.0686784599375,
            "y": 426.125
          },
          {
            "x": 888.0749219562955,
            "y": 249.4877049180328
          }
        ]
      },
      "created_at": "2020-07-30T12:21:16.129Z",
      "updated_at": "2020-07-30T12:21:16.129Z"
    }
  },
  {
    "model": "api.floorplanarea",
    "pk": 2,
    "fields": {
      "floor_plan": 1,
      "area": "fly",
      "polygon": {
        "type": "polygon",
        "version": "5.2.4",
        "originX": "left",
        "originY": "top",
        "left": 616.36,
        "top": 247.49,
        "width": 275.71,
        "height": 180.63,
        "fill": "lightblue",
        "stroke": "blue",
        "strokeWidth": 3,
        "strokeDashArray": null,
        "strokeLineCap": "butt",
        "strokeDashOffset": 0,
        "strokeLineJoin": "miter",
        "strokeUniform": false,
        "strokeMiterLimit": 4,
        "scaleX": 1,
        "scaleY": 1,
        "angle": 0,
        "flipX": false,
        "flipY": false,
        "opacity": 1,
        "shadow": null,
        "visible": true,
        "backgroundColor": "",
        "fillRule": "nonzero",
        "paintFirst": "fill",
        "globalCompositeOperation": "source-over",
        "skewX": 0,
        "skewY": 0,
        "points": [
          {
            "x": 618.3558792924038,
            "y": 249.4877049180328
          },
          {
            "x": 618.3558792924038,
            "y": 430.1168032786885
          },
          {
            "x": 894.0686784599375,
            "y": 426.125
          },
          {
            "x": 888.0749219562955,
            "y": 249.4877049180328
          }
        ]
      },
      "created_at": "2020-07-30T12:21:16.129Z",
      "updated_at": "2020-07-30T12:21:16.129Z"
    }
  },
  {
    "model": "api.floorplanarea",
    "pk": 3,
    "fields": {
      "floor_plan": 1,
      "area": "dragonfly",
      "polygon": {
        "type": "polygon",
        "version": "5.2.4",
        "originX": "left",
        "originY": "top",
        "left": 616.36,
        "top": 247.49,
        "width": 275.71,
        "height": 180.63,
        "fill": "lightblue",
        "stroke": "blue",
        "strokeWidth": 3,
        "strokeDashArray": null,
        "strokeLineCap": "butt",
        "strokeDashOffset": 0,
        "strokeLineJoin": "miter",
        "strokeUniform": false,
        "strokeMiterLimit": 4,
        "scaleX": 1,
        "scaleY": 1,
        "angle": 0,
        "flipX": false,
        "flipY": false,
        "opacity": 1,
        "shadow": null,
        "visible": true,
        "backgroundColor": "",
        "fillRule": "nonzero",
        "paintFirst": "fill",
        "globalCompositeOperation": "source-over",
        "skewX": 0,
        "skewY": 0,
        "points": [
          {
            "x": 618.3558792924038,
            "y": 249.4877049180328
          },
          {
            "x": 618.3558792924038,
            "y": 430.1168032786885
          },
          {
            "x": 894.0686784599375,
            "y": 426.125
          },
          {
            "x": 888.0749219562955,
            "y": 249.4877049180328
          }
        ]
      },
      "created_at": "2020-07-30T12:21:16.129Z",
      "updated_at": "2020-07-30T12:21:16.129Z"
    }
  },
  {
    "model": "api.floorplanarea",
    "pk": 4,
    "fields": {
      "floor_plan": 2,
      "area": "ant",
      "polygon": {
        "type": "polygon",
        "version": "5.2.4",
        "originX": "left",
        "originY": "top",
        "left": 616.36,
        "top": 247.49,
        "width": 275.71,
        "height": 180.63,
        "fill": "lightblue",
        "stroke": "blue",
        "strokeWidth": 3,
        "strokeDashArray": null,
        "strokeLineCap": "butt",
        "strokeDashOffset": 0,
        "strokeLineJoin": "miter",
        "strokeUniform": false,
        "strokeMiterLimit": 4,
        "scaleX": 1,
        "scaleY": 1,
        "angle": 0,
        "flipX": false,
        "flipY": false,
        "opacity": 1,
        "shadow": null,
        "visible": true,
        "backgroundColor": "",
        "fillRule": "nonzero",
        "paintFirst": "fill",
        "globalCompositeOperation": "source-over",
        "skewX": 0,
        "skewY": 0,
        "points": [
          {
            "x": 618.3558792924038,
            "y": 249.4877049180328
          },
          {
            "x": 618.3558792924038,
            "y": 430.1168032786885
          },
          {
            "x": 894.0686784599375,
            "y": 426.125
          },
          {
            "x": 888.0749219562955,
            "y": 249.4877049180328
          }
        ]
      },
      "created_at": "2020-07-30T12:21:16.129Z",
      "updated_at": "2020-07-30T12:21:16.129Z"
    }
  },
  {
    "model": "api.floorplanarea",
    "pk": 5,
    "fields": {
      "floor_plan": 2,
      "area": "worm",
      "polygon": {
        "type": "polygon",
        "version": "5.2.4",
        "originX": "left",
        "originY": "top",
        "left": 616.36,
        "top": 247.49,
        "width": 275.71,
        "height": 180.63,
        "fill": "lightblue",
        "stroke": "blue",
        "strokeWidth": 3,
        "strokeDashArray": null,
        "strokeLineCap": "butt",
        "strokeDashOffset": 0,
        "strokeLineJoin": "miter",
        "strokeUniform": false,
        "strokeMiterLimit": 4,
        "scaleX": 1,
        "scaleY": 1,
        "angle": 0,
        "flipX": false,
        "flipY": false,
        "opacity": 1,
        "shadow": null,
        "visible": true,
        "backgroundColor": "",
        "fillRule": "nonzero",
        "paintFirst": "fill",
        "globalCompositeOperation": "source-over",
        "skewX": 0,
        "skewY": 0,
        "points": [
          {
            "x": 618.3558792924038,
            "y": 249.4877049180328
          },
          {
            "x": 618.3558792924038,
            "y": 430.1168032786885
          },
          {
            "x": 894.0686784599375,
            "y": 426.125
          },
          {
            "x": 888.0749219562955,
            "y": 249.4877049180328
          }
        ]
      },
      "created_at": "2020-07-30T12:21:16.129Z",
      "updated_at": "2020-07-30T12:21:16.129Z"
    }
  },
  {
    "model": "api.floorplanarea",
    "pk": 6,
    "fields": {
      "floor_plan": 2,
      "area": "bee",
      "polygon": {
        "type": "polygon",
        "version": "5.2.4",
        "originX": "left",
        "originY": "top",
        "left": 616.36,
        "top": 247.49,
        "width": 275.71,
        "height": 180.63,
        "fill": "lightblue",
        "stroke": "blue",
        "strokeWidth": 3,
        "strokeDashArray": null,
        "strokeLineCap": "butt",
        "strokeDashOffset": 0,
        "strokeLineJoin": "miter",
        "strokeUniform": false,
        "strokeMiterLimit": 4,
        "scaleX": 1,
        "scaleY": 1,
        "angle": 0,
        "flipX": false,
        "flipY": false,
        "opacity": 1,
        "shadow": null,
        "visible": true,
        "backgroundColor": "",
        "fillRule": "nonzero",
        "paintFirst": "fill",
        "globalCompositeOperation": "source-over",
        "skewX": 0,
        "skewY": 0,
        "points": [
          {
            "x": 618.3558792924038,
            "y": 249.4877049180328
          },
          {
            "x": 618.3558792924038,
            "y": 430.1168032786885
          },
          {
            "x": 894.0686784599375,
            "y": 426.125
          },
          {
            "x": 888.0749219562955,
            "y": 249.4877049180328
          }
        ]
      },
      "created_at": "2020-07-30T12:21:16.129Z",
      "updated_at": "2020-07-30T12:21:16.129Z"
    }
  },
  {
    "model": "api.floorplanareapin",
    "pk": 1,
    "fields": {
      "content_type": 23,
      "object_id": 1,
      "floor_plan_area": 2,
      "pin": {
        "x": 45,
        "y": 2
      },
      "created_at": "2020-07-30T12:21:17.129Z",
      "updated_at": "2020-07-30T12:21:17.129Z"
    }
  },
  {
    "model": "api.floorplanimage",
    "pk": 1,
    "fields": {
      "plan": 2,
      "image": 2,
      "created_at": "2020-07-30T12:21:17.129Z",
      "updated_at": "2020-07-30T12:21:17.129Z"
    }
  },
  {
    "model": "api.floorplanareapinthumbnail",
    "pk": 1,
    "fields": {
      "floor_plan_area_pin": 1,
      "thumbnail": 1,
      "created_at": "2020-07-30T12:21:17.129Z",
      "updated_at": "2020-07-30T12:21:17.129Z"
    }
  },
  {
    "model": "api.floorplanareapin",
    "pk": 3,
    "fields": {
      "content_type": 23,
      "object_id": 3,
      "floor_plan_area": 1,
      "pin": {
        "x": 56,
        "y": 4
      },
      "created_at": "2020-07-30T12:21:20.129Z",
      "updated_at": "2020-07-30T12:21:20.129Z"
    }
  },
  {
    "model": "api.floorplanareapin",
    "pk": 4,
    "fields": {
      "content_type": 23,
      "object_id": 4,
      "floor_plan_area": 2,
      "pin": {
        "x": 67,
        "y": 234343
      },
      "created_at": "2020-07-30T12:21:21.129Z",
      "updated_at": "2020-07-30T12:21:21.129Z"
    }
  },
  {
    "model": "api.floorplanareapin",
    "pk": 5,
    "fields": {
      "content_type": 23,
      "object_id": 5,
      "floor_plan_area": 2,
      "pin": {
        "x": 6,
        "y": 895
      },
      "created_at": "2020-07-30T12:21:22.129Z",
      "updated_at": "2020-07-30T12:21:22.129Z"
    }
  },
  {
    "model": "api.floorplanareapin",
    "pk": 6,
    "fields": {
      "content_type": 30,
      "object_id": 1,
      "floor_plan_area": 2,
      "pin": {
        "x": 8,
        "y": 56
      },
      "created_at": "2020-07-30T12:21:17.129Z",
      "updated_at": "2020-07-30T12:21:17.129Z"
    }
  },
  {
    "model": "api.floorplanareapin",
    "pk": 7,
    "fields": {
      "content_type": 30,
      "object_id": 2,
      "floor_plan_area": 3,
      "pin": {
        "x": 34,
        "y": 2645
      },
      "created_at": "2020-07-30T12:21:19.129Z",
      "updated_at": "2020-07-30T12:21:19.129Z"
    }
  },
  {
    "model": "api.floorplanareapin",
    "pk": 8,
    "fields": {
      "content_type": 30,
      "object_id": 3,
      "floor_plan_area": 1,
      "pin": {
        "x": 9875,
        "y": 6540
      },
      "created_at": "2020-07-30T12:21:20.129Z",
      "updated_at": "2020-07-30T12:21:20.129Z"
    }
  },
  {
    "model": "api.floorplanareapin",
    "pk": 9,
    "fields": {
      "content_type": 30,
      "object_id": 4,
      "floor_plan_area": 2,
      "pin": {
        "x": 123,
        "y": 432
      },
      "created_at": "2020-07-30T12:21:21.129Z",
      "updated_at": "2020-07-30T12:21:21.129Z"
    }
  },
  {
    "model": "api.floorplanareapin",
    "pk": 10,
    "fields": {
      "content_type": 30,
      "object_id": 5,
      "floor_plan_area": 2,
      "pin": {
        "x": 8,
        "y": 738
      },
      "created_at": "2020-07-30T12:21:22.129Z",
      "updated_at": "2020-07-30T12:21:22.129Z"
    }
  }
]
