[
  {
    "model": "rest_framework_api_key.apikey",
    "pk": "gMopOTBs.bcrypt_sha256$$2b$12$0TiIZyuRb9wYCYRYzNNgAe44m0zedUPbHf71WMeTisCQepxECR6OW",
    "fields": {
      "created": "2021-08-16 10:48:01.399820",
      "name": "test",
      "revoked": false,
      "expiry_date": null,
      "hashed_key": "bcrypt_sha256$$2b$12$0TiIZyuRb9wYCYRYzNNgAe44m0zedUPbHf71WMeTisCQepxECR6OW",
      "prefix": "gMopOTBs"
    }
  },
  {
    "model": "api.media",
    "pk": 1,
    "fields": {
      "name": "troom.png",
      "original_link": "troom.png",
      "link": "troom.png",
      "created_at": "2020-07-30T12:21:16.129Z",
      "updated_at": "2020-07-30T12:21:16.129Z"
    }
  },
  {
    "model": "api.media",
    "pk": 2,
    "fields": {
      "name": "broom.pdf",
      "original_link": "broom.pdf",
      "link": "broom.pdf",
      "created_at": "2020-07-30T12:21:16.129Z",
      "updated_at": "2020-07-30T12:21:16.129Z"
    }
  },
  {
    "model": "api.media",
    "pk": 3,
    "fields": {
      "name": "kroom.png",
      "original_link": "kroom.png",
      "link": "kroom.png",
      "created_at": "2020-07-30T12:21:16.129Z",
      "updated_at": "2020-07-30T12:21:16.129Z"
    }
  },
  {
    "model": "api.media",
    "pk": 4,
    "fields": {
      "name": "sroom.png",
      "original_link": "sroom.png",
      "link": "sroom.png",
      "created_at": "2020-07-30T12:21:16.129Z",
      "updated_at": "2020-07-30T12:21:16.129Z"
    }
  },
  {
    "model": "api.media",
    "pk": 5,
    "fields": {
      "name": "kroom.png",
      "original_link": "kroom.png",
      "link": "kroom.png",
      "created_at": "2020-07-30T12:21:16.129Z",
      "updated_at": "2020-07-30T12:21:16.129Z"
    }
  },
  {
    "model": "api.media",
    "pk": 6,
    "fields": {
      "name": "lroom.png",
      "original_link": "lroom.png",
      "link": "lroom.png",
      "created_at": "2020-07-30T12:21:16.129Z",
      "updated_at": "2020-07-30T12:21:16.129Z"
    }
  },
  {
    "model": "api.media",
    "pk": 7,
    "fields": {
      "name": "wroom.png",
      "original_link": "wroom.png",
      "link": "wroom.png",
      "created_at": "2020-07-30T12:21:16.129Z",
      "updated_at": "2020-07-30T12:21:16.129Z"
    }
  },
  {
    "model": "api.media",
    "pk": 8,
    "fields": {
      "name": "wroom2.png",
      "original_link": "wroom2.png",
      "link": "wroom2.png",
      "created_at": "2020-07-30T12:21:16.129Z",
      "updated_at": "2020-07-30T12:21:16.129Z"
    }
  },
  {
    "model": "api.user",
    "pk": 1,
    "fields": {
      "password": "bcrypt_sha256$$2b$12$bmj11SqWnZE1CpgbqqT0.OPXBKGMzTVyLsDWsBe3dRoxlCtN2sP9i",
      "last_login": null,
      "is_superuser": true,
      "first_name": "Bradwood",
      "last_name": "Feat",
      "is_staff": true,
      "is_active": true,
      "date_joined": "2020-07-30T12:21:16.129Z",
      "email": "cool.brad@gmail.com",
      "company": 1,
      "phone": "+41524204242",
      "position": "Cool Brad",
      "group": 1,
      "groups": [
        1
      ],
      "created_at": "2020-07-30T12:21:16.129Z",
      "updated_at": "2020-07-30T12:21:16.129Z"
    }
  },
  {
    "model": "api.user",
    "pk": 2,
    "fields": {
      "password": "bcrypt_sha256$$2b$12$bmj11SqWnZE1CpgbqqT0.OPXBKGMzTVyLsDWsBe3dRoxlCtN2sP9i",
      "last_login": null,
      "is_superuser": false,
      "first_name": "Brad",
      "last_name": "Seatwood",
      "is_staff": true,
      "is_active": true,
      "date_joined": "2020-07-30T12:21:16.129Z",
      "email": "cool.brad+1@gmail.com",
      "company": 2,
      "phone": "+41524204242",
      "position": "Cool Brad",
      "group": 3,
      "groups": [
        3
      ],
      "created_at": "2020-07-30T12:21:16.129Z",
      "updated_at": "2020-07-30T12:21:16.129Z"
    }
  },
  {
    "model": "api.user",
    "pk": 3,
    "fields": {
      "password": "bcrypt_sha256$$2b$12$bmj11SqWnZE1CpgbqqT0.OPXBKGMzTVyLsDWsBe3dRoxlCtN2sP9i",
      "last_login": null,
      "is_superuser": false,
      "first_name": "Brad",
      "last_name": "Heat",
      "is_staff": true,
      "is_active": true,
      "date_joined": "2020-07-30T12:21:16.129Z",
      "email": "cool.brad+2wood@gmail.com",
      "company": 3,
      "phone": "+41524204242",
      "position": "Cool Brad",
      "group": 2,
      "groups": [
        2
      ],
      "created_at": "2020-07-30T12:21:16.129Z",
      "updated_at": "2020-07-30T12:21:16.129Z"
    }
  },
  {
    "model": "api.user",
    "pk": 4,
    "fields": {
      "password": "bcrypt_sha256$$2b$12$bmj11SqWnZE1CpgbqqT0.OPXBKGMzTVyLsDWsBe3dRoxlCtN2sP9i",
      "last_login": null,
      "is_superuser": false,
      "first_name": "Brad",
      "last_name": "Noi",
      "is_staff": true,
      "is_active": true,
      "date_joined": "2020-07-30T12:21:16.129Z",
      "email": "cool.noi+13@gmail.com",
      "company": 4,
      "phone": "+41524904241",
      "position": "QA",
      "group": 3,
      "groups": [
        3
      ],
      "created_at": "2020-07-30T12:21:16.129Z",
      "updated_at": "2020-07-30T12:21:16.129Z"
    }
  },
  {
    "model": "api.user",
    "pk": 5,
    "fields": {
      "password": "bcrypt_sha256$$2b$12$bmj11SqWnZE1CpgbqqT0.OPXBKGMzTVyLsDWsBe3dRoxlCtN2sP9i",
      "last_login": null,
      "is_superuser": false,
      "first_name": "Awesome",
      "last_name": "Subcontractor",
      "is_staff": false,
      "is_active": true,
      "date_joined": "2020-07-30T12:21:16.129Z",
      "email": "cool.subcontractor@gmail.com",
      "company": 4,
      "phone": "+41524904241",
      "position": "subcontractor",
      "group": 4,
      "groups": [
        4
      ],
      "created_at": "2020-07-30T12:21:16.129Z",
      "updated_at": "2020-07-30T12:21:16.129Z"
    }
  },
  {
    "model": "api.user",
    "pk": 6,
    "fields": {
      "password": "bcrypt_sha256$$2b$12$bmj11SqWnZE1CpgbqqT0.OPXBKGMzTVyLsDWsBe3dRoxlCtN2sP9i",
      "last_login": null,
      "is_superuser": false,
      "first_name": "Awesome",
      "last_name": "Client",
      "is_staff": false,
      "is_active": true,
      "date_joined": "2020-07-30T12:21:16.129Z",
      "email": "cool.client@gmail.com",
      "company": 2,
      "phone": "+41524904241",
      "position": "client",
      "group": 5,
      "groups": [
        5
      ],
      "created_at": "2020-07-30T12:21:16.129Z",
      "updated_at": "2020-07-30T12:21:16.129Z"
    }
  },
  {
    "model": "api.user",
    "pk": 7,
    "fields": {
      "password": "bcrypt_sha256$$2b$12$bmj11SqWnZE1CpgbqqT0.OPXBKGMzTVyLsDWsBe3dRoxlCtN2sP9i",
      "last_login": null,
      "is_superuser": false,
      "first_name": "Awesome",
      "last_name": "Consultant",
      "is_staff": false,
      "is_active": true,
      "date_joined": "2020-07-30T12:21:16.129Z",
      "email": "cool.consultant@gmail.com",
      "company": 2,
      "phone": "+41524904241",
      "position": "consultant",
      "group": 6,
      "groups": [
        6
      ],
      "created_at": "2020-07-30T12:21:16.129Z",
      "updated_at": "2020-07-30T12:21:16.129Z"
    }
  },
  {
    "model": "api.user",
    "pk": 8,
    "fields": {
      "password": "bcrypt_sha256$$2b$12$bmj11SqWnZE1CpgbqqT0.OPXBKGMzTVyLsDWsBe3dRoxlCtN2sP9i",
      "last_login": null,
      "is_superuser": false,
      "first_name": "Wrap",
      "last_name": "Trap",
      "is_staff": false,
      "is_active": true,
      "date_joined": "2020-07-30T12:21:16.129Z",
      "email": "wrap.trap@gmail.com",
      "company": 4,
      "phone": "+41524204242",
      "position": "Wrap trap",
      "group": 4,
      "groups": [
        4
      ],
      "created_at": "2020-07-22T12:21:16.129Z",
      "updated_at": "2020-07-30T12:21:16.129Z"
    }
  },
  {
    "model": "api.user",
    "pk": 9,
    "fields": {
      "password": "bcrypt_sha256$$2b$12$bmj11SqWnZE1CpgbqqT0.OPXBKGMzTVyLsDWsBe3dRoxlCtN2sP9i",
      "last_login": null,
      "is_superuser": false,
      "first_name": "Wrap",
      "last_name": "Trap",
      "is_staff": false,
      "is_active": true,
      "date_joined": "2020-07-30T12:21:16.129Z",
      "email": "wrap.trap1@gmail.com",
      "company": 4,
      "phone": "+41524204242",
      "position": "Wrap trap",
      "group": 6,
      "groups": [
        6
      ],
      "created_at": "2020-07-22T12:21:16.129Z",
      "updated_at": "2020-07-30T12:21:16.129Z"
    }
  },
  {
    "model": "api.user",
    "pk": 10,
    "fields": {
      "password": "bcrypt_sha256$$2b$12$bmj11SqWnZE1CpgbqqT0.OPXBKGMzTVyLsDWsBe3dRoxlCtN2sP9i",
      "last_login": null,
      "is_superuser": false,
      "first_name": "Awesome3",
      "last_name": "Subcontractor3",
      "is_staff": false,
      "is_active": true,
      "date_joined": "2020-07-30T12:21:16.129Z",
      "email": "cool.subcontractor3@gmail.com",
      "company": 4,
      "phone": "+41524904241",
      "position": "subcontractor3",
      "group": 4,
      "groups": [
        4
      ],
      "created_at": "2020-07-30T12:21:16.129Z",
      "updated_at": "2020-07-30T12:21:16.129Z"
    }
  },
  {
    "model": "api.user",
    "pk": 11,
    "fields": {
      "password": "bcrypt_sha256$$2b$12$bmj11SqWnZE1CpgbqqT0.OPXBKGMzTVyLsDWsBe3dRoxlCtN2sP9i",
      "last_login": null,
      "is_superuser": false,
      "first_name": "Awesome2",
      "last_name": "Admin2",
      "is_staff": true,
      "is_active": true,
      "date_joined": "2020-07-30T12:21:16.129Z",
      "email": "cool.admin2@gmail.com",
      "company": 4,
      "phone": "+41524904241",
      "position": "admin2",
      "group": 2,
      "groups": [
        2
      ],
      "created_at": "2020-07-30T12:21:16.129Z",
      "updated_at": "2020-07-30T12:21:16.129Z"
    }
  },
  {
    "model": "api.user",
    "pk": 12,
    "fields": {
      "password": "bcrypt_sha256$$2b$12$bmj11SqWnZE1CpgbqqT0.OPXBKGMzTVyLsDWsBe3dRoxlCtN2sP9i",
      "last_login": null,
      "is_superuser": false,
      "first_name": "Awesome2",
      "last_name": "Client2",
      "is_staff": false,
      "is_active": true,
      "date_joined": "2020-07-30T12:21:16.129Z",
      "email": "cool.client2@gmail.com",
      "company": 4,
      "phone": "+41524904241",
      "position": "client2",
      "group": 5,
      "groups": [
        5
      ],
      "created_at": "2020-07-30T12:21:16.129Z",
      "updated_at": "2020-07-30T12:21:16.129Z"
    }
  },
  {
    "model": "api.company",
    "pk": 1,
    "fields": {
      "name": "Stussy",
      "created_at": "2020-07-30T12:21:16.129Z",
      "updated_at": "2020-07-30T12:21:16.129Z",
      "deleted": "2020-07-30T12:21:16.129Z"
    }
  },
  {
    "model": "api.company",
    "pk": 2,
    "fields": {
      "name": "20 Century Fox",
      "created_at": "2020-07-30T12:21:16.129Z",
      "updated_at": "2020-07-30T12:21:16.129Z"
    }
  },
  {
    "model": "api.company",
    "pk": 3,
    "fields": {
      "name": "Disney",
      "created_at": "2020-07-30T12:21:16.129Z",
      "updated_at": "2020-07-30T12:21:16.129Z"
    }
  },
  {
    "model": "api.company",
    "pk": 4,
    "fields": {
      "name": "Universal",
      "created_at": "2020-07-30T12:21:16.129Z",
      "updated_at": "2020-07-30T12:21:16.129Z"
    }
  },
  {
    "model": "api.company",
    "pk": 5,
    "fields": {
      "name": "Alfa",
      "created_at": "2020-07-30T12:21:16.129Z",
      "updated_at": "2020-07-30T12:21:16.129Z"
    }
  },
  {
    "model": "api.company",
    "pk": 6,
    "fields": {
      "name": "Tesla",
      "created_at": "2020-07-30T12:21:16.129Z",
      "updated_at": "2020-07-30T12:21:16.129Z"
    }
  },
  {
    "model": "api.company",
    "pk": 7,
    "fields": {
      "name": "Microsoft",
      "created_at": "2020-07-30T12:21:16.129Z",
      "updated_at": "2020-07-30T12:21:16.129Z"
    }
  },
  {
    "model": "api.packageactivitytask",
    "pk": 1,
    "fields": {
      "description": "First desc",
      "created_at": "2020-07-30T12:21:16.129Z",
      "updated_at": "2020-07-30T12:21:16.129Z",
      "package_activity": 4
    }
  },
  {
    "model": "api.packageactivitytask",
    "pk": 2,
    "fields": {
      "description": "Second desc",
      "created_at": "2020-07-30T12:21:16.129Z",
      "updated_at": "2020-07-30T12:21:16.129Z",
      "package_activity": 4
    }
  },
  {
    "model": "api.packageactivitytask",
    "pk": 3,
    "fields": {
      "description": "Third desc",
      "created_at": "2020-07-30T12:21:16.129Z",
      "updated_at": "2020-07-30T12:21:16.129Z",
      "package_activity": 3
    }
  },
  {
    "model": "api.packageactivitytask",
    "pk": 4,
    "fields": {
      "description": "Fourth desc",
      "created_at": "2020-07-30T12:21:16.129Z",
      "updated_at": "2020-07-30T12:21:16.129Z",
      "package_activity": 2
    }
  },
  {
    "model": "api.packageactivitytask",
    "pk": 5,
    "fields": {
      "description": "Fifth desc",
      "created_at": "2020-07-30T12:21:16.129Z",
      "updated_at": "2020-07-30T12:21:16.129Z",
      "package_activity": 1
    }
  },
  {
    "model": "api.packageactivitytask",
    "pk": 6,
    "fields": {
      "description": "Sixth desc",
      "created_at": "2020-07-30T12:21:16.129Z",
      "updated_at": "2020-07-30T12:21:16.129Z",
      "package_activity": 1
    }
  },
  {
    "model": "api.packageactivity",
    "pk": 1,
    "fields": {
      "name": "First package activity",
      "activity_id": "Activity",
      "created_at": "2020-07-30T12:21:16.129Z",
      "updated_at": "2020-07-30T12:21:16.129Z"
    }
  },
  {
    "model": "api.packageactivity",
    "pk": 2,
    "fields": {
      "name": "Second package activity",
      "created_at": "2020-07-30T12:21:16.129Z",
      "updated_at": "2020-07-30T12:21:16.129Z"
    }
  },
  {
    "model": "api.packageactivity",
    "pk": 3,
    "fields": {
      "name": "Third package activity",
      "created_at": "2020-07-30T12:21:16.129Z",
      "updated_at": "2020-07-30T12:21:16.129Z"
    }
  },
  {
    "model": "api.packageactivity",
    "pk": 4,
    "fields": {
      "name": "Fourth package activity",
      "created_at": "2020-07-30T12:21:16.129Z",
      "updated_at": "2020-07-30T12:21:16.129Z"
    }
  },
  {
    "model": "api.packageactivity",
    "pk": 5,
    "fields": {
      "name": "Fifth package activity",
      "created_at": "2020-07-30T12:21:16.129Z",
      "updated_at": "2020-07-30T12:21:16.129Z"
    }
  },
  {
    "model": "api.packageactivity",
    "pk": 6,
    "fields": {
      "name": "Six package activity",
      "created_at": "2020-07-30T12:21:16.129Z",
      "updated_at": "2020-07-30T12:21:16.129Z"
    }
  },
  {
    "model": "api.package",
    "pk": 1,
    "fields": {
      "name": "First package",
      "order": 2,
      "created_at": "2020-07-30T12:21:16.129Z",
      "updated_at": "2020-07-30T12:21:16.129Z"
    }
  },
  {
    "model": "api.package",
    "pk": 2,
    "fields": {
      "name": "Second package",
      "order": 3,
      "created_at": "2020-07-30T12:21:16.129Z",
      "updated_at": "2020-07-30T12:21:16.129Z"
    }
  },
  {
    "model": "api.package",
    "pk": 3,
    "fields": {
      "name": "Third package",
      "order": 4,
      "created_at": "2020-07-30T12:21:16.129Z",
      "updated_at": "2020-07-30T12:21:16.129Z"
    }
  },
  {
    "model": "api.package",
    "pk": 4,
    "fields": {
      "name": "Fourth package",
      "order": 5,
      "created_at": "2020-07-30T12:21:16.129Z",
      "updated_at": "2020-07-30T12:21:16.129Z"
    }
  },
  {
    "model": "api.project",
    "pk": 1,
    "fields": {
      "name": "Project 1",
      "number": "dfg134",
      "status": "tendering",
      "show_estimated_man_hours": true,
      "start_date": "2020-07-30",
      "completion_date": "2020-08-30",
      "value": 2343456.23,
      "value_currency": "USD",
      "created_at": "2020-07-30T12:21:16.129Z",
      "updated_at": "2020-07-30T12:21:16.129Z",
      "users": [
        1,
        2,
        5
      ]
    }
  },
  {
    "model": "api.project",
    "pk": 2,
    "fields": {
      "name": "Project 2",
      "number": "h5636uytsf",
      "status": "under_construction",
      "show_estimated_man_hours": false,
      "image": 2,
      "start_date": "2020-07-30",
      "completion_date": "2020-08-30",
      "value": 6534.65,
      "value_currency": "USD",
      "created_at": "2020-07-30T12:21:16.129Z",
      "updated_at": "2020-07-30T12:21:16.129Z",
      "users": [
        2
      ],
      "key_contacts": [
        2
      ]
    }
  },
  {
    "model": "api.project",
    "pk": 3,
    "fields": {
      "name": "Mitron 3",
      "number": "7th46ds",
      "status": "partially_completed",
      "show_estimated_man_hours": true,
      "image": 3,
      "start_date": "2020-07-30",
      "completion_date": "2020-08-30",
      "value": 765.34,
      "value_currency": "USD",
      "created_at": "2020-07-30T12:21:16.129Z",
      "updated_at": "2020-07-30T12:21:16.129Z"
    }
  },
  {
    "model": "api.project",
    "pk": 4,
    "fields": {
      "name": "Project 4",
      "number": "h356ydgd",
      "status": "completed",
      "show_estimated_man_hours": true,
      "image": 4,
      "start_date": "2020-07-30",
      "completion_date": "2020-08-30",
      "value": 765543.43,
      "value_currency": "USD",
      "created_at": "2020-07-30T12:21:16.129Z",
      "updated_at": "2020-07-30T12:21:16.129Z",
      "users": [
        2
      ]
    }
  },
  {
    "model": "api.project",
    "pk": 5,
    "fields": {
      "name": "Project 5",
      "number": "y356ywrtwe",
      "status": "archived",
      "show_estimated_man_hours": true,
      "image": 5,
      "start_date": "2020-07-30",
      "completion_date": "2020-08-30",
      "value": 123765.11,
      "value_currency": "USD",
      "created_at": "2020-07-30T12:21:16.129Z",
      "updated_at": "2020-07-30T12:21:16.129Z",
      "is_subtask_visible_for_clients": true,
      "users": [
        2,
        3,
        5,
        6,
        8,
        9
      ]
    }
  },
  {
    "model": "api.project",
    "pk": 6,
    "fields": {
      "name": "Project 6",
      "number": "fg2645y4tf",
      "status": "tendering",
      "show_estimated_man_hours": true,
      "image": 6,
      "start_date": "2020-07-30",
      "completion_date": "2020-08-30",
      "value": 34551.43,
      "value_currency": "USD",
      "created_at": "2020-07-30T12:21:16.129Z",
      "updated_at": "2020-07-30T12:21:16.129Z",
      "users": [
        3
      ]
    }
  },
  {
    "model": "api.project",
    "pk": 7,
    "fields": {
      "name": "Projcto 7",
      "number": "rt4efweewe",
      "status": "tendering",
      "show_estimated_man_hours": false,
      "image": 7,
      "start_date": "2020-07-30",
      "completion_date": "2020-08-30",
      "value": 2346345.54,
      "value_currency": "USD",
      "created_at": "2020-07-30T12:21:16.129Z",
      "updated_at": "2020-07-30T12:21:16.129Z"
    }
  },
  {
    "model": "api.packagematrix",
    "pk": 1,
    "fields": {
      "project": 6,
      "package": 4,
      "package_activity": 1,
      "created_at": "2020-07-30T12:21:16.129Z",
      "updated_at": "2020-07-30T12:21:16.129Z"
    }
  },
  {
    "model": "api.packagematrix",
    "pk": 2,
    "fields": {
      "project": 5,
      "package": 4,
      "package_activity": 2,
      "created_at": "2020-07-30T12:21:16.129Z",
      "updated_at": "2020-07-30T12:21:16.129Z"
    }
  },
  {
    "model": "api.packagematrix",
    "pk": 3,
    "fields": {
      "project": 1,
      "package": 4,
      "package_activity": 3,
      "created_at": "2020-07-30T12:21:16.129Z",
      "updated_at": "2020-07-30T12:21:16.129Z"
    }
  },
  {
    "model": "api.packagematrix",
    "pk": 4,
    "fields": {
      "project": 5,
      "package": 3,
      "package_activity": 4,
      "created_at": "2020-07-30T12:21:16.129Z",
      "updated_at": "2020-07-30T12:21:16.129Z"
    }
  },
  {
    "model": "api.packagematrix",
    "pk": 5,
    "fields": {
      "project": 5,
      "package": 4,
      "package_activity": 1,
      "created_at": "2020-07-30T12:21:16.129Z",
      "updated_at": "2020-07-30T12:21:16.129Z"
    }
  },
  {
    "model": "api.packagematrix",
    "pk": 6,
    "fields": {
      "project": 4,
      "package": 4,
      "package_activity": 2,
      "created_at": "2020-07-30T12:21:16.129Z",
      "updated_at": "2020-07-30T12:21:16.129Z"
    }
  },
  {
    "model": "api.packagematrix",
    "pk": 7,
    "fields": {
      "project": 6,
      "package": 2,
      "package_activity": 2,
      "created_at": "2020-07-30T12:21:16.129Z",
      "deleted": "2020-07-30T12:21:16.129Z",
      "updated_at": "2020-07-30T12:21:16.129Z"
    }
  },
  {
    "model": "api.packagematrix",
    "pk": 8,
    "fields": {
      "project": 5,
      "package": 2,
      "package_activity": 5,
      "created_at": "2020-07-30T12:21:16.129Z",
      "deleted": "2020-07-30T12:21:16.129Z",
      "updated_at": "2020-07-30T12:21:16.129Z"
    }
  },
  {
    "model": "api.packagematrix",
    "pk": 9,
    "fields": {
      "project": 5,
      "package": 2,
      "package_activity": 6,
      "created_at": "2020-07-30T12:21:16.129Z",
      "updated_at": "2020-07-30T12:21:16.129Z"
    }
  },
  {
    "model": "api.packagematrixcompany",
    "pk": 1,
    "fields": {
      "package_matrix": 5,
      "company": 2,
      "created_at": "2020-07-30T12:21:16.129Z",
      "updated_at": "2020-07-30T12:21:16.129Z"
    }
  },
  {
    "model": "api.packagematrixcompany",
    "pk": 2,
    "fields": {
      "package_matrix": 5,
      "company": 3,
      "created_at": "2020-07-30T12:21:16.129Z",
      "updated_at": "2020-07-30T12:21:16.129Z"
    }
  },
  {
    "model": "api.packagematrixcompany",
    "pk": 3,
    "fields": {
      "package_matrix": 4,
      "company": 2,
      "created_at": "2020-07-30T12:21:16.129Z",
      "updated_at": "2020-07-30T12:21:16.129Z"
    }
  },
  {
    "model": "api.packagematrixcompany",
    "pk": 4,
    "fields": {
      "package_matrix": 4,
      "company": 1,
      "created_at": "2020-07-30T12:21:16.129Z",
      "updated_at": "2020-07-30T12:21:16.129Z"
    }
  },
  {
    "model": "api.packagematrixcompany",
    "pk": 5,
    "fields": {
      "package_matrix": 4,
      "company": 3,
      "created_at": "2020-07-30T12:21:16.129Z",
      "updated_at": "2020-07-30T12:21:16.129Z"
    }
  },
  {
    "model": "api.packagematrixcompany",
    "pk": 6,
    "fields": {
      "package_matrix": 3,
      "company": 2,
      "created_at": "2020-07-30T12:21:16.129Z",
      "updated_at": "2020-07-30T12:21:16.129Z"
    }
  },
  {
    "model": "api.packagematrixcompany",
    "pk": 7,
    "fields": {
      "package_matrix": 3,
      "company": 1,
      "created_at": "2020-07-30T12:21:16.129Z",
      "updated_at": "2020-07-30T12:21:16.129Z"
    }
  },
  {
    "model": "api.packagematrixcompany",
    "pk": 8,
    "fields": {
      "package_matrix": 5,
      "company": 4,
      "created_at": "2020-07-30T12:21:16.129Z",
      "updated_at": "2020-07-30T12:21:16.129Z"
    }
  },
  {
    "model": "api.packagematrixcompany",
    "pk": 9,
    "fields": {
      "package_matrix": 2,
      "company": 4,
      "created_at": "2020-07-30T12:21:16.129Z",
      "updated_at": "2020-07-30T12:21:16.129Z"
    }
  },
  {
    "model": "api.editmode",
    "pk": 1,
    "fields": {
      "project": 6,
      "user": 1,
      "created_at": "2020-07-30T12:21:16.129Z",
      "updated_at": "2020-07-30T12:21:16.129Z"
    }
  },
  {
    "model": "api.editmode",
    "pk": 2,
    "fields": {
      "project": 5,
      "user": 1,
      "created_at": "2020-07-30T12:21:16.129Z",
      "updated_at": "2020-07-30T12:21:16.129Z"
    }
  },
  {
    "model": "api.editmode",
    "pk": 3,
    "fields": {
      "project": 5,
      "user": 2,
      "created_at": "2020-07-30T12:21:16.129Z",
      "updated_at": "2020-07-30T12:21:16.129Z"
    }
  },
  {
    "model": "api.locationmatrix",
    "pk": 1,
    "fields": {
      "project": 5,
      "building": "Building A",
      "level": "7A",
      "area": "fly",
      "created_at": "2020-07-30T12:21:16.129Z",
      "updated_at": "2020-07-30T12:21:16.129Z"
    }
  },
  {
    "model": "api.locationmatrix",
    "pk": 2,
    "fields": {
      "project": 5,
      "building": "Building A",
      "level": "8A",
      "area": "Hall",
      "created_at": "2020-07-30T12:21:16.129Z",
      "updated_at": "2020-07-30T12:21:16.129Z"
    }
  },
  {
    "model": "api.locationmatrix",
    "pk": 3,
    "fields": {
      "project": 1,
      "building": "Building A",
      "level": "A",
      "area": "Kitchen",
      "created_at": "2020-07-30T12:21:16.129Z",
      "updated_at": "2020-07-30T12:21:16.129Z"
    }
  },
  {
    "model": "api.locationmatrix",
    "pk": 4,
    "fields": {
      "project": 1,
      "building": "Building A",
      "level": "B",
      "area": "Kitchen",
      "created_at": "2020-07-30T12:21:16.129Z",
      "updated_at": "2020-07-30T12:21:16.129Z"
    }
  },
  {
    "model": "api.locationmatrix",
    "pk": 5,
    "fields": {
      "project": 5,
      "building": "Building B",
      "level": "B",
      "area": "Garden",
      "created_at": "2020-07-30T12:21:16.129Z",
      "updated_at": "2020-07-30T12:21:16.129Z",
      "deleted": "2020-07-30T12:21:16.129Z"
    }
  },
  {
    "model": "api.locationmatrixpackage",
    "pk": 1,
    "fields": {
      "location_matrix": 1,
      "package_matrix": 8,
      "enabled": true,
      "package": 2,
      "package_activity": 5,
      "package_activity_name": "Second package activity",
      "created_at": "2020-07-30T12:21:16.129Z",
      "updated_at": "2020-07-30T12:21:16.129Z",
      "deleted": "2020-07-30T12:21:16.129Z"
    }
  },
  {
    "model": "api.locationmatrixpackage",
    "pk": 2,
    "fields": {
      "location_matrix": 1,
      "package_matrix": 2,
      "enabled": true,
      "package": 4,
      "package_activity": 2,
      "package_activity_name": "Second package activity",
      "created_at": "2020-07-30T12:21:16.129Z",
      "updated_at": "2020-07-30T12:21:16.129Z"
    }
  },
  {
    "model": "api.locationmatrixpackage",
    "pk": 3,
    "fields": {
      "location_matrix": 2,
      "package_matrix": 2,
      "enabled": false,
      "package": 4,
      "package_activity": 2,
      "package_activity_name": "Second package activity",
      "created_at": "2020-07-30T12:21:16.129Z",
      "updated_at": "2020-07-30T12:21:16.129Z"
    }
  },
  {
    "model": "api.locationmatrixpackage",
    "pk": 4,
    "fields": {
      "location_matrix": 1,
      "package_matrix": 4,
      "enabled": false,
      "package": 3,
      "package_activity": 4,
      "package_activity_name": "Fourth package activity",
      "created_at": "2020-07-30T12:21:16.129Z",
      "updated_at": "2020-07-30T12:21:16.129Z"
    }
  },
  {
    "model": "api.locationmatrixpackage",
    "pk": 5,
    "fields": {
      "location_matrix": 2,
      "package_matrix": 4,
      "enabled": false,
      "package": 3,
      "package_activity": 4,
      "package_activity_name": "Fourth package activity",
      "created_at": "2020-07-30T12:21:16.129Z",
      "updated_at": "2020-07-30T12:21:16.129Z"
    }
  },
  {
    "model": "api.locationmatrixpackage",
    "pk": 6,
    "fields": {
      "location_matrix": 5,
      "package_matrix": 9,
      "enabled": true,
      "package": 2,
      "package_activity": 6,
      "package_activity_name": "Sixth package activity",
      "created_at": "2020-07-30T12:21:16.129Z",
      "updated_at": "2020-07-30T12:21:16.129Z",
      "deleted": "2020-07-30T12:21:16.129Z"
    }
  },
  {
    "model": "api.floorplan",
    "pk": 1,
    "fields": {
      "project": 5,
      "package": 4,
      "building": "Building A",
      "level": "7A",
      "media": 1,
      "created_at": "2020-07-30T12:21:16.129Z",
      "updated_at": "2020-07-30T12:21:16.129Z"
    }
  },
  {
    "model": "api.floorplan",
    "pk": 2,
    "fields": {
      "project": 5,
      "package": 4,
      "building": "Building A",
      "level": "8A",
      "media": 2,
      "created_at": "2020-07-30T12:21:16.129Z",
      "updated_at": "2020-07-30T12:21:16.129Z"
    }
  },
  {
    "model": "api.floorplan",
    "pk": 3,
    "fields": {
      "project": 5,
      "package": 4,
      "building": "Building A",
      "level": "A",
      "media": 3,
      "created_at": "2020-07-30T12:21:16.129Z",
      "updated_at": "2020-07-30T12:21:16.129Z"
    }
  },
  {
    "model": "api.floorplan",
    "pk": 4,
    "fields": {
      "project": 5,
      "package": 4,
      "building": "Building A",
      "level": "B",
      "media": 4,
      "created_at": "2020-07-30T12:21:16.129Z",
      "updated_at": "2020-07-30T12:21:16.129Z"
    }
  },
  {
    "model": "api.floorplan",
    "pk": 5,
    "fields": {
      "project": 5,
      "package": 4,
      "building": "Building B",
      "level": "B",
      "media": 5,
      "created_at": "2020-07-30T12:21:16.129Z",
      "updated_at": "2020-07-30T12:21:16.129Z"
    }
  },
  {
    "model": "api.floorplan",
    "pk": 6,
    "fields": {
      "project": 5,
      "package": 4,
      "building": "building4",
      "level": "level3",
      "media": 6,
      "created_at": "2020-07-30T12:21:16.129Z",
      "updated_at": "2020-07-30T12:21:16.129Z"
    }
  },
  {
    "model": "api.floorplan",
    "pk": 7,
    "fields": {
      "project": 6,
      "package": 2,
      "building": "building1",
      "level": "level1",
      "media": 6,
      "created_at": "2020-07-30T12:21:16.129Z",
      "updated_at": "2020-07-30T12:21:16.129Z"
    }
  },
  {
    "model": "api.floorplanimage",
    "pk": 1,
    "fields": {
      "image": 8,
      "plan": 1,
      "created_at": "2020-07-30T12:21:16.129Z",
      "updated_at": "2020-07-30T12:21:16.129Z"
    }
  },
  {
    "model": "api.floorplanarea",
    "pk": 1,
    "fields": {
      "floor_plan": 2,
      "area": "fly",
      "polygon": {
        "type": "polygon",
        "version": "5.2.4",
        "originX": "left",
        "originY": "top",
        "left": 616.36,
        "top": 247.49,
        "width": 275.71,
        "height": 180.63,
        "fill": "lightblue",
        "stroke": "blue",
        "strokeWidth": 3,
        "strokeDashArray": null,
        "strokeLineCap": "butt",
        "strokeDashOffset": 0,
        "strokeLineJoin": "miter",
        "strokeUniform": false,
        "strokeMiterLimit": 4,
        "scaleX": 1,
        "scaleY": 1,
        "angle": 0,
        "flipX": false,
        "flipY": false,
        "opacity": 1,
        "shadow": null,
        "visible": true,
        "backgroundColor": "",
        "fillRule": "nonzero",
        "paintFirst": "fill",
        "globalCompositeOperation": "source-over",
        "skewX": 0,
        "skewY": 0,
        "points": [
          {
            "x": 618.3558792924038,
            "y": 249.4877049180328
          },
          {
            "x": 618.3558792924038,
            "y": 430.1168032786885
          },
          {
            "x": 894.0686784599375,
            "y": 426.125
          },
          {
            "x": 888.0749219562955,
            "y": 249.4877049180328
          }
        ]
      },
      "created_at": "2020-07-30T12:21:16.129Z",
      "updated_at": "2020-07-30T12:21:16.129Z",
      "deleted": "2020-07-30T12:21:16.129Z"
    }
  },
  {
    "model": "api.floorplanarea",
    "pk": 2,
    "fields": {
      "floor_plan": 1,
      "area": "fly",
      "polygon": {
        "type": "polygon",
        "version": "5.2.4",
        "originX": "left",
        "originY": "top",
        "left": 616.36,
        "top": 247.49,
        "width": 275.71,
        "height": 180.63,
        "fill": "lightblue",
        "stroke": "blue",
        "strokeWidth": 3,
        "strokeDashArray": null,
        "strokeLineCap": "butt",
        "strokeDashOffset": 0,
        "strokeLineJoin": "miter",
        "strokeUniform": false,
        "strokeMiterLimit": 4,
        "scaleX": 1,
        "scaleY": 1,
        "angle": 0,
        "flipX": false,
        "flipY": false,
        "opacity": 1,
        "shadow": null,
        "visible": true,
        "backgroundColor": "",
        "fillRule": "nonzero",
        "paintFirst": "fill",
        "globalCompositeOperation": "source-over",
        "skewX": 0,
        "skewY": 0,
        "points": [
          {
            "x": 618.3558792924038,
            "y": 249.4877049180328
          },
          {
            "x": 618.3558792924038,
            "y": 430.1168032786885
          },
          {
            "x": 894.0686784599375,
            "y": 426.125
          },
          {
            "x": 888.0749219562955,
            "y": 249.4877049180328
          }
        ]
      },
      "created_at": "2020-07-30T12:21:16.129Z",
      "updated_at": "2020-07-30T12:21:16.129Z"
    }
  },
  {
    "model": "api.floorplanarea",
    "pk": 3,
    "fields": {
      "floor_plan": 1,
      "area": "pong",
      "polygon": {
        "type": "polygon",
        "version": "5.2.4",
        "originX": "left",
        "originY": "top",
        "left": 616.36,
        "top": 247.49,
        "width": 275.71,
        "height": 180.63,
        "fill": "lightblue",
        "stroke": "blue",
        "strokeWidth": 3,
        "strokeDashArray": null,
        "strokeLineCap": "butt",
        "strokeDashOffset": 0,
        "strokeLineJoin": "miter",
        "strokeUniform": false,
        "strokeMiterLimit": 4,
        "scaleX": 1,
        "scaleY": 1,
        "angle": 0,
        "flipX": false,
        "flipY": false,
        "opacity": 1,
        "shadow": null,
        "visible": true,
        "backgroundColor": "",
        "fillRule": "nonzero",
        "paintFirst": "fill",
        "globalCompositeOperation": "source-over",
        "skewX": 0,
        "skewY": 0,
        "points": [
          {
            "x": 618.3558792924038,
            "y": 249.4877049180328
          },
          {
            "x": 618.3558792924038,
            "y": 430.1168032786885
          },
          {
            "x": 894.0686784599375,
            "y": 426.125
          },
          {
            "x": 888.0749219562955,
            "y": 249.4877049180328
          }
        ]
      },
      "created_at": "2020-07-30T12:21:16.129Z",
      "updated_at": "2020-07-30T12:21:16.129Z"
    }
  },
  {
    "model": "api.floorplanareapin",
    "pk": 1,
    "fields": {
      "content_type": 23,
      "object_id": 1,
      "floor_plan_area": 2,
      "pin": {
        "x": 45,
        "y": 2
      },
      "created_at": "2020-07-30T12:21:17.129Z",
      "updated_at": "2020-07-30T12:21:17.129Z"
    }
  },
  {
    "model": "api.floorplanareapin",
    "pk": 2,
    "fields": {
      "content_type": 23,
      "object_id": 2,
      "floor_plan_area": 1,
      "pin": {
        "x": 34,
        "y": 2
      },
      "created_at": "2020-07-30T12:21:19.129Z",
      "updated_at": "2020-07-30T12:21:19.129Z"
    }
  },
  {
    "model": "api.floorplanareapin",
    "pk": 3,
    "fields": {
      "content_type": 23,
      "object_id": 3,
      "floor_plan_area": 1,
      "pin": {
        "x": 56,
        "y": 4
      },
      "created_at": "2020-07-30T12:21:20.129Z",
      "updated_at": "2020-07-30T12:21:20.129Z"
    }
  },
  {
    "model": "api.floorplanareapin",
    "pk": 4,
    "fields": {
      "content_type": 23,
      "object_id": 4,
      "floor_plan_area": 2,
      "pin": {
        "x": 67,
        "y": 234343
      },
      "created_at": "2020-07-30T12:21:21.129Z",
      "updated_at": "2020-07-30T12:21:21.129Z"
    }
  },
  {
    "model": "api.floorplanareapin",
    "pk": 5,
    "fields": {
      "content_type": 23,
      "object_id": 5,
      "floor_plan_area": 2,
      "pin": {
        "x": 6,
        "y": 895
      },
      "created_at": "2020-07-30T12:21:22.129Z",
      "updated_at": "2020-07-30T12:21:22.129Z"
    }
  },
  {
    "model": "api.floorplanareapin",
    "pk": 6,
    "fields": {
      "content_type": 30,
      "object_id": 1,
      "floor_plan_area": 2,
      "pin": {
        "x": 8,
        "y": 56
      },
      "created_at": "2020-07-30T12:21:17.129Z",
      "updated_at": "2020-07-30T12:21:17.129Z"
    }
  },
  {
    "model": "api.subtask",
    "pk": 1,
    "fields": {
      "task": 1,
      "description": "test",
      "status": "in_progress",
      "user": 2,
      "company": 3,
      "quality_issue": 2,
      "is_defect": true,
      "created_at": "2020-07-31T12:21:16.129Z",
      "updated_at": "2020-07-30T12:21:16.129Z",
      "due_date": "2020-07-30T12:21:16.129Z"
    }
  },
  {
    "model": "api.subtask",
    "pk": 2,
    "fields": {
      "task": 1,
      "description": "test",
      "status": "in_progress",
      "user": 2,
      "files": [
        6
      ],
      "created_at": "2020-08-01T12:21:16.129Z",
      "updated_at": "2020-07-31T12:21:16.129Z",
      "due_date": "2020-07-30T12:21:16.129Z"
    }
  },
  {
    "model": "api.subtask",
    "pk": 3,
    "fields": {
      "task": 4,
      "description": "test",
      "status": "removed",
      "user": 2,
      "files": [
        2,
        4,
        5
      ],
      "company": 3,
      "quality_issue": 1,
      "created_at": "2020-07-30T12:21:16.129Z",
      "updated_at": "2020-07-30T12:21:16.129Z",
      "due_date": "2020-07-30T12:21:16.129Z"
    }
  },
  {
    "model": "api.subtask",
    "pk": 4,
    "fields": {
      "task": 4,
      "description": "test",
      "status": "closed",
      "user": 2,
      "files": [
        1,
        2
      ],
      "company": 3,
      "quality_issue": 1,
      "created_at": "2020-07-30T12:21:16.129Z",
      "updated_at": "2020-08-03T12:21:16.129Z",
      "due_date": "2020-07-30T12:21:16.129Z"
    }
  },
  {
    "model": "api.subtask",
    "pk": 5,
    "fields": {
      "task": 4,
      "description": "test",
      "status": "closed",
      "user": 2,
      "files": [
        1,
        2
      ],
      "created_at": "2020-07-30T12:21:16.129Z",
      "updated_at": "2020-08-30T12:21:16.129Z",
      "due_date": "2020-07-30T12:21:16.129Z"
    }
  },
  {
    "model": "api.subtask",
    "pk": 6,
    "fields": {
      "task": 3,
      "description": "test",
      "status": "closed",
      "user": 2,
      "files": [
        1,
        2
      ],
      "created_at": "2020-07-30T12:21:16.129Z",
      "updated_at": "2020-08-30T12:21:16.129Z",
      "due_date": "2020-07-30T12:21:16.129Z"
    }
  },
  {
    "model": "api.subtask",
    "pk": 7,
    "fields": {
      "task": 2,
      "description": "test",
      "status": "in_progress",
      "user": 2,
      "files": [
        1,
        2
      ],
      "company": 3,
      "quality_issue": 9,
      "created_at": "2020-07-30T12:21:16.129Z",
      "updated_at": "2020-08-30T12:21:16.129Z",
      "due_date": "2020-07-30T12:21:16.129Z"
    }
  },
  {
    "model": "api.subtask",
    "pk": 8,
    "fields": {
      "task": 1,
      "description": "test",
      "status": "contested",
      "user": 2,
      "company": 2,
      "quality_issue": 1,
      "created_at": "2020-07-30T12:21:16.129Z",
      "updated_at": "2020-07-30T12:21:16.129Z",
      "due_date": "2020-07-30T12:21:16.129Z"
    }
  },
  {
    "model": "api.subtask",
    "pk": 9,
    "fields": {
      "task": 2,
      "description": "contested test",
      "status": "declined",
      "user": 2,
      "files": [
        1,
        2
      ],
      "company": 3,
      "created_at": "2020-07-30T12:21:16.129Z",
      "updated_at": "2020-08-30T12:21:16.129Z",
      "due_date": "2020-07-30T12:21:16.129Z"
    }
  },
  {
    "model": "api.subtask",
    "pk": 10,
    "fields": {
      "task": 2,
      "description": "under_inspection test",
      "status": "under_inspection",
      "user": 2,
      "files": [
        1,
        2
      ],
      "company": 3,
      "quality_issue": 3,
      "created_at": "2020-07-30T12:21:16.129Z",
      "updated_at": "2020-08-30T12:21:16.129Z",
      "due_date": "2020-07-30T12:21:16.129Z"
    }
  },
  {
    "model": "api.subtask",
    "pk": 11,
    "fields": {
      "task": 2,
      "description": "inspection_rejected test",
      "status": "inspection_rejected",
      "user": 2,
      "files": [
        1,
        2
      ],
      "company": 3,
      "quality_issue": 2,
      "created_at": "2020-07-30T12:21:16.129Z",
      "updated_at": "2020-08-30T12:21:16.129Z",
      "due_date": "2020-07-30T12:21:16.129Z"
    }
  },
  {
    "model": "api.subtask",
    "pk": 12,
    "fields": {
      "task": 2,
      "description": "test",
      "status": "under_inspection",
      "user": 2,
      "files": [
        1,
        2
      ],
      "company": 3,
      "quality_issue": 5,
      "created_at": "2020-07-30T12:21:16.129Z",
      "updated_at": "2020-08-30T12:21:16.129Z",
      "due_date": "2020-07-30T12:21:16.129Z"
    }
  },
  {
    "model": "api.subtask",
    "pk": 13,
    "fields": {
      "task": 2,
      "description": "test",
      "status": "closed",
      "user": 2,
      "files": [
        1,
        2
      ],
      "company": 3,
      "quality_issue": 5,
      "created_at": "2020-07-30T12:21:16.129Z",
      "updated_at": "2020-08-30T12:21:16.129Z",
      "due_date": "2020-07-30T12:21:16.129Z"
    }
  },
  {
    "model": "api.subtask",
    "pk": 14,
    "fields": {
      "task": 2,
      "description": "test",
      "status": "removed",
      "user": 2,
      "files": [
        1,
        2
      ],
      "company": 3,
      "quality_issue": 5,
      "created_at": "2020-07-30T12:21:16.129Z",
      "updated_at": "2020-08-30T12:21:16.129Z",
      "due_date": "2020-07-30T12:21:16.129Z"
    }
  },
  {
    "model": "api.subtask",
    "pk": 15,
    "fields": {
      "task": 2,
      "description": "test",
      "status": "requesting_approval",
      "user": 2,
      "files": [
        1,
        2
      ],
      "company": 3,
      "quality_issue": 5,
      "created_at": "2020-07-30T12:21:16.129Z",
      "updated_at": "2020-08-30T12:21:16.129Z",
      "due_date": "2020-07-30T12:21:16.129Z"
    }
  },
  {
    "model": "api.subtask",
    "pk": 16,
    "fields": {
      "task": 2,
      "description": "test",
      "status": "in_progress",
      "user": 2,
      "files": [
        1,
        2
      ],
      "company": 3,
      "quality_issue": 5,
      "created_at": "2020-07-30T12:21:16.129Z",
      "updated_at": "2020-08-30T12:21:16.129Z",
      "due_date": "2020-07-30T12:21:16.129Z"
    }
  },
  {
    "model": "api.subtask",
    "pk": 17,
    "fields": {
      "task": 2,
      "description": "test",
      "status": "requesting_approval",
      "user": 2,
      "files": [
        1,
        2
      ],
      "company": 3,
      "quality_issue": 6,
      "created_at": "2020-07-30T12:21:16.129Z",
      "updated_at": "2020-08-30T12:21:16.129Z",
      "due_date": "2020-07-30T12:21:16.129Z"
    }
  },
  {
    "model": "api.subtask",
    "pk": 18,
    "fields": {
      "task": 2,
      "description": "inspection_rejected test",
      "status": "requesting_approval",
      "user": 2,
      "files": [
        1,
        2
      ],
      "company": 3,
      "quality_issue": 3,
      "created_at": "2020-07-30T12:21:16.129Z",
      "updated_at": "2020-08-30T12:21:16.129Z",
      "due_date": "2020-07-30T12:21:16.129Z"
    }
  },
  {
    "model": "api.subtask",
    "pk": 19,
    "fields": {
      "task": 2,
      "description": "Stone Island",
      "status": "requesting_approval",
      "user": 2,
      "files": [
        1,
        2
      ],
      "company": 3,
      "quality_issue": 3,
      "created_at": "2020-07-30T12:21:16.129Z",
      "updated_at": "2020-08-30T12:21:16.129Z",
      "due_date": "2020-07-30T12:21:16.129Z"
    }
  },
  {
    "model": "api.subtask",
    "pk": 20,
    "fields": {
      "task": 2,
      "description": "Stone Island",
      "status": "requested_approval_rejected",
      "user": 2,
      "files": [
        1,
        2
      ],
      "company": 3,
      "quality_issue": 10,
      "created_at": "2020-07-30T12:21:16.129Z",
      "updated_at": "2020-08-30T12:21:16.129Z",
      "due_date": "2020-07-30T12:21:16.129Z"
    }
  },
  {
    "model": "api.task",
    "pk": 1,
    "fields": {
      "location_matrix": 1,
      "package_activity": 2,
      "package_activity_task": 2,
      "status": "accepted",
      "user": 2,
      "created_at": "2020-07-30T12:21:16.129Z",
      "updated_at": "2020-07-30T12:21:16.129Z"
    }
  },
  {
    "model": "api.task",
    "pk": 2,
    "fields": {
      "location_matrix": 1,
      "package_activity": 4,
      "package_activity_task": 4,
      "status": "rejected",
      "user": 2,
      "created_at": "2020-07-30T12:21:16.129Z",
      "updated_at": "2020-07-30T12:21:16.129Z"
    }
  },
  {
    "model": "api.task",
    "pk": 3,
    "fields": {
      "location_matrix": 1,
      "package_activity": 4,
      "package_activity_task": 5,
      "status": "rejected",
      "user": 2,
      "created_at": "2020-07-30T12:21:16.129Z",
      "updated_at": "2020-07-30T12:21:16.129Z"
    }
  },
  {
    "model": "api.task",
    "pk": 4,
    "fields": {
      "location_matrix": 2,
      "package_activity": 2,
      "package_activity_task": 2,
      "status": "not_verified",
      "user": 2,
      "created_at": "2020-07-30T12:21:16.129Z",
      "updated_at": "2020-07-30T12:21:16.129Z"
    }
  },
  {
    "model": "api.qualityissue",
    "pk": 1,
    "fields": {
      "description": "Oh! My! God!",
      "status": "under_review",
      "location_matrix": 1,
      "attachments": [
        1,
        2,
        3
      ],
      "user": 1,
      "created_at": "2020-09-22T12:21:16.129Z",
      "updated_at": "2020-09-30T12:21:16.129Z"
    }
  },
  {
    "model": "api.qualityissue",
    "pk": 2,
    "fields": {
      "description": "Somebody, stop me!",
      "status": "in_progress",
      "location_matrix": 1,
      "user": 12,
      "created_at": "2020-09-23T12:21:16.129Z",
      "updated_at": "2020-09-30T12:21:16.129Z"
    }
  },
  {
    "model": "api.qualityissue",
    "pk": 3,
    "fields": {
      "description": "Stanly Parable is alive!",
      "status": "in_progress",
      "location_matrix": 1,
      "attachments": [
        1
      ],
      "user": 2,
      "created_at": "2020-09-24T12:21:16.129Z",
      "updated_at": "2020-10-02T12:21:16.129Z"
    }
  },
  {
    "model": "api.qualityissue",
    "pk": 4,
    "fields": {
      "description": "In vino veritas!",
      "status": "under_review",
      "location_matrix": 3,
      "attachments": [
        2,
        3
      ],
      "user": 1,
      "created_at": "2020-09-25T12:21:16.129Z",
      "updated_at": "2020-10-01T12:21:16.129Z"
    }
  },
  {
    "model": "api.qualityissue",
    "pk": 5,
    "fields": {
      "description": "In aqua sanitas!",
      "status": "under_review",
      "location_matrix": 1,
      "attachments": [
        3
      ],
      "user": 2,
      "created_at": "2020-09-26T12:21:16.129Z",
      "updated_at": "2020-09-30T12:21:16.129Z"
    }
  },
  {
    "model": "api.qualityissue",
    "pk": 6,
    "fields": {
      "description": "In aqua sanitas!",
      "status": "requesting_approval",
      "location_matrix": 2,
      "attachments": [
        3
      ],
      "user": 4,
      "created_at": "2020-09-27T12:21:16.129Z",
      "updated_at": "2020-09-30T12:21:16.129Z"
    }
  },
  {
    "model": "api.qualityissue",
    "pk": 7,
    "fields": {
      "description": "In aqua sanitas!",
      "status": "under_review",
      "location_matrix": 5,
      "attachments": [
        3
      ],
      "user": 5,
      "created_at": "2020-09-28T12:21:16.129Z",
      "updated_at": "2020-09-30T12:21:16.129Z"
    }
  },
  {
    "model": "api.qualityissue",
    "pk": 8,
    "fields": {
      "description": "In aqua sanitas!",
      "status": "under_review",
      "location_matrix": 2,
      "attachments": [
        3
      ],
      "user": 4,
      "created_at": "2020-09-29T12:21:16.129Z",
      "updated_at": "2020-09-30T12:21:16.129Z"
    }
  },
  {
    "model": "api.qualityissue",
    "pk": 9,
    "fields": {
      "description": "In aqua sanitas!",
      "status": "under_review",
      "location_matrix": 1,
      "attachments": [
        3
      ],
      "user": 5,
      "created_at": "2020-09-30T12:21:16.129Z",
      "updated_at": "2020-09-30T12:21:16.129Z"
    }
  },
  {
    "model": "api.qualityissue",
    "pk": 10,
    "fields": {
      "description": "In aqua sanitas!",
      "status": "requested_approval_rejected",
      "location_matrix": 1,
      "attachments": [
        3
      ],
      "user": 5,
      "created_at": "2020-09-30T12:21:16.129Z",
      "updated_at": "2020-09-30T12:21:16.129Z"
    }
  }
]
