[
  {
    "model": "rest_framework_api_key.apikey",
    "pk": "gMopOTBs.bcrypt_sha256$$2b$12$0TiIZyuRb9wYCYRYzNNgAe44m0zedUPbHf71WMeTisCQepxECR6OW",
    "fields": {
      "created": "2021-08-16 10:48:01.399820",
      "name": "test",
      "revoked": false,
      "expiry_date": null,
      "hashed_key": "bcrypt_sha256$$2b$12$0TiIZyuRb9wYCYRYzNNgAe44m0zedUPbHf71WMeTisCQepxECR6OW",
      "prefix": "gMopOTBs"
    }
  },
  {
    "model": "api.media",
    "pk": 1,
    "fields": {
      "name": "troom.png",
      "link": "troom.png",
      "is_public": false,
      "original_link": "troom.png",
      "size": 12345678900,
      "created_at": "2020-07-30T12:21:16.129Z",
      "updated_at": "2020-07-30T12:21:16.129Z"
    }
  },
  {
    "model": "api.media",
    "pk": 2,
    "fields": {
      "name": "broom.png",
      "link": "broom.png",
      "original_link": "broom.png",
      "size": 1234567890,
      "created_at": "2020-07-30T12:21:16.129Z",
      "updated_at": "2020-07-30T12:21:16.129Z"
    }
  },
  {
    "model": "api.media",
    "pk": 3,
    "fields": {
      "name": "kroom.png",
      "link": "kroom.png",
      "size": 2234567890,
      "created_at": "2020-07-30T12:21:16.129Z",
      "updated_at": "2020-07-30T12:21:16.129Z"
    }
  },
  {
    "model": "api.media",
    "pk": 4,
    "fields": {
      "name": "sroom.png",
      "link": "sroom.png",
      "size": 12345678,
      "created_at": "2020-07-30T12:21:16.129Z",
      "updated_at": "2020-07-30T12:21:16.129Z"
    }
  },
  {
    "model": "api.media",
    "pk": 5,
    "fields": {
      "name": "kroom.png",
      "link": "kroom.png",
      "size": 12345890,
      "created_at": "2020-07-30T12:21:16.129Z",
      "updated_at": "2020-07-30T12:21:16.129Z"
    }
  },
  {
    "model": "api.media",
    "pk": 6,
    "fields": {
      "name": "lroom.png",
      "link": "lroom.png",
      "size": 34567890,
      "created_at": "2020-07-30T12:21:16.129Z",
      "updated_at": "2020-07-30T12:21:16.129Z"
    }
  },
  {
    "model": "api.media",
    "pk": 7,
    "fields": {
      "name": "wroom.png",
      "link": "wroom.png",
      "size": 6234567890,
      "created_at": "2020-07-30T12:21:16.129Z",
      "updated_at": "2020-07-30T12:21:16.129Z"
    }
  },
  {
    "model": "api.media",
    "pk": 8,
    "fields": {
      "name": "package_handover_media.png",
      "link": "package_handover_media.png",
      "original_link": "package_handover_media.png",
      "size": 52345678900,
      "created_at": "2020-07-30T12:21:16.129Z",
      "updated_at": "2020-07-30T12:21:16.129Z"
    }
  },
  {
    "model": "api.user",
    "pk": 1,
    "fields": {
      "password": "bcrypt_sha256$$2b$12$bmj11SqWnZE1CpgbqqT0.OPXBKGMzTVyLsDWsBe3dRoxlCtN2sP9i",
      "last_login": null,
      "is_superuser": true,
      "first_name": "Bradwood",
      "last_name": "Feat",
      "is_staff": true,
      "is_active": true,
      "date_joined": "2020-07-30T12:21:16.129Z",
      "email": "cool.brad@gmail.com",
      "company": 1,
      "phone": "+41524204242",
      "position": "Cool Brad",
      "group": 1,
      "groups": [
        1
      ],
      "created_at": "2020-07-30T12:21:16.129Z",
      "updated_at": "2020-07-30T12:21:16.129Z"
    }
  },
  {
    "model": "api.user",
    "pk": 2,
    "fields": {
      "password": "bcrypt_sha256$$2b$12$bmj11SqWnZE1CpgbqqT0.OPXBKGMzTVyLsDWsBe3dRoxlCtN2sP9i",
      "last_login": null,
      "is_superuser": false,
      "first_name": "Brad",
      "last_name": "Seatwood",
      "is_staff": true,
      "is_active": true,
      "date_joined": "2020-07-30T12:21:16.129Z",
      "email": "cool.brad+1@gmail.com",
      "company": 2,
      "phone": "+41524204242",
      "position": "Cool Brad",
      "group": 3,
      "groups": [
        3
      ],
      "created_at": "2020-07-30T12:21:16.129Z",
      "updated_at": "2020-07-30T12:21:16.129Z"
    }
  },
  {
    "model": "api.user",
    "pk": 3,
    "fields": {
      "password": "bcrypt_sha256$$2b$12$bmj11SqWnZE1CpgbqqT0.OPXBKGMzTVyLsDWsBe3dRoxlCtN2sP9i",
      "last_login": null,
      "is_superuser": false,
      "first_name": "Brad",
      "last_name": "Heat",
      "is_staff": true,
      "is_active": true,
      "date_joined": "2020-07-30T12:21:16.129Z",
      "email": "cool.brad+2wood@gmail.com",
      "company": 3,
      "phone": "+41524204242",
      "position": "Cool Brad",
      "group": 2,
      "groups": [
        2
      ],
      "created_at": "2020-07-30T12:21:16.129Z",
      "updated_at": "2020-07-30T12:21:16.129Z"
    }
  },
  {
    "model": "api.user",
    "pk": 4,
    "fields": {
      "password": "bcrypt_sha256$$2b$12$bmj11SqWnZE1CpgbqqT0.OPXBKGMzTVyLsDWsBe3dRoxlCtN2sP9i",
      "last_login": null,
      "is_superuser": false,
      "first_name": "Brad",
      "last_name": "Noi",
      "is_staff": true,
      "is_active": true,
      "date_joined": "2020-07-30T12:21:16.129Z",
      "email": "cool.noi+13@gmail.com",
      "company": 4,
      "phone": "+41524904241",
      "position": "QA",
      "group": 3,
      "groups": [
        3
      ],
      "created_at": "2020-07-30T12:21:16.129Z",
      "updated_at": "2020-07-30T12:21:16.129Z"
    }
  },
  {
    "model": "api.user",
    "pk": 5,
    "fields": {
      "password": "bcrypt_sha256$$2b$12$bmj11SqWnZE1CpgbqqT0.OPXBKGMzTVyLsDWsBe3dRoxlCtN2sP9i",
      "last_login": null,
      "is_superuser": false,
      "first_name": "Awesome",
      "last_name": "Subcontractor",
      "is_staff": false,
      "is_active": true,
      "date_joined": "2020-07-30T12:21:16.129Z",
      "email": "cool.subcontractor@gmail.com",
      "company": 4,
      "phone": "+41524904241",
      "position": "subcontractor",
      "group": 4,
      "groups": [
        4
      ],
      "created_at": "2020-07-30T12:21:16.129Z",
      "updated_at": "2020-07-30T12:21:16.129Z"
    }
  },
  {
    "model": "api.user",
    "pk": 6,
    "fields": {
      "password": "bcrypt_sha256$$2b$12$bmj11SqWnZE1CpgbqqT0.OPXBKGMzTVyLsDWsBe3dRoxlCtN2sP9i",
      "last_login": null,
      "is_superuser": false,
      "first_name": "Awesome",
      "last_name": "Client",
      "is_staff": false,
      "is_active": true,
      "date_joined": "2020-07-30T12:21:16.129Z",
      "email": "cool.client@gmail.com",
      "company": 2,
      "phone": "+41524904241",
      "position": "client",
      "group": 5,
      "groups": [
        5
      ],
      "created_at": "2020-07-30T12:21:16.129Z",
      "updated_at": "2020-07-30T12:21:16.129Z"
    }
  },
  {
    "model": "api.user",
    "pk": 7,
    "fields": {
      "password": "bcrypt_sha256$$2b$12$bmj11SqWnZE1CpgbqqT0.OPXBKGMzTVyLsDWsBe3dRoxlCtN2sP9i",
      "last_login": null,
      "is_superuser": false,
      "first_name": "Awesome",
      "last_name": "Consultant",
      "is_staff": false,
      "is_active": true,
      "date_joined": "2020-07-30T12:21:16.129Z",
      "email": "cool.consultant@gmail.com",
      "company": 2,
      "phone": "+41524904241",
      "position": "consultant",
      "group": 6,
      "groups": [
        6
      ],
      "created_at": "2020-07-30T12:21:16.129Z",
      "updated_at": "2020-07-30T12:21:16.129Z"
    }
  },
  {
    "model": "api.user",
    "pk": 8,
    "fields": {
      "password": "bcrypt_sha256$$2b$12$bmj11SqWnZE1CpgbqqT0.OPXBKGMzTVyLsDWsBe3dRoxlCtN2sP9i",
      "last_login": null,
      "is_superuser": false,
      "first_name": "Wrap",
      "last_name": "Trap",
      "is_staff": false,
      "is_active": true,
      "date_joined": "2020-07-30T12:21:16.129Z",
      "email": "wrap.trap@gmail.com",
      "company": 1,
      "phone": "+41524204242",
      "position": "Wrap trap",
      "group": 4,
      "groups": [
        4
      ],
      "created_at": "2020-07-22T12:21:16.129Z",
      "updated_at": "2020-07-30T12:21:16.129Z"
    }
  },
  {
    "model": "api.user",
    "pk": 9,
    "fields": {
      "password": "bcrypt_sha256$$2b$12$bmj11SqWnZE1CpgbqqT0.OPXBKGMzTVyLsDWsBe3dRoxlCtN2sP9i",
      "last_login": null,
      "is_superuser": false,
      "first_name": "Wrap",
      "last_name": "Trap",
      "is_staff": false,
      "is_active": true,
      "date_joined": "2020-07-30T12:21:16.129Z",
      "email": "wrap.trap1@gmail.com",
      "company": 4,
      "phone": "+41524204242",
      "position": "Wrap trap",
      "group": 6,
      "groups": [
        6
      ],
      "created_at": "2020-07-22T12:21:16.129Z",
      "updated_at": "2020-07-30T12:21:16.129Z"
    }
  },
  {
    "model": "api.user",
    "pk": 10,
    "fields": {
      "password": "bcrypt_sha256$$2b$12$bmj11SqWnZE1CpgbqqT0.OPXBKGMzTVyLsDWsBe3dRoxlCtN2sP9i",
      "last_login": null,
      "is_superuser": true,
      "first_name": "Second",
      "last_name": "Company admin",
      "is_staff": true,
      "is_active": true,
      "date_joined": "2020-07-30T12:21:16.129Z",
      "email": "second.company_admin@gmail.com",
      "company": 1,
      "phone": "+41524204242",
      "position": "Cool Brad",
      "group": 1,
      "groups": [
        1
      ],
      "created_at": "2020-07-30T12:21:16.129Z",
      "updated_at": "2020-07-30T12:21:16.129Z"
    }
  },
  {
    "model": "api.user",
    "pk": 11,
    "fields": {
      "password": "bcrypt_sha256$$2b$12$bmj11SqWnZE1CpgbqqT0.OPXBKGMzTVyLsDWsBe3dRoxlCtN2sP9i",
      "last_login": null,
      "is_superuser": false,
      "first_name": "Second",
      "last_name": "Admin",
      "is_staff": true,
      "is_active": true,
      "date_joined": "2020-07-30T12:21:16.129Z",
      "email": "second.admin@gmail.com",
      "company": 1,
      "phone": "+41524204242",
      "position": "Cool Brad",
      "group": 2,
      "groups": [
        2
      ],
      "created_at": "2020-07-30T12:21:16.129Z",
      "updated_at": "2020-07-30T12:21:16.129Z"
    }
  },
  {
    "model": "api.user",
    "pk": 12,
    "fields": {
      "password": "bcrypt_sha256$$2b$12$bmj11SqWnZE1CpgbqqT0.OPXBKGMzTVyLsDWsBe3dRoxlCtN2sP9i",
      "last_login": null,
      "is_superuser": false,
      "first_name": "Second",
      "last_name": "Client",
      "is_staff": false,
      "is_active": true,
      "date_joined": "2020-07-30T12:21:16.129Z",
      "email": "second.client@gmail.com",
      "company": 1,
      "phone": "+41524204242",
      "position": "Cool Brad",
      "group": 5,
      "groups": [
        5
      ],
      "created_at": "2020-07-30T12:21:16.129Z",
      "updated_at": "2020-07-30T12:21:16.129Z"
    }
  },
  {
    "model": "api.user",
    "pk": 13,
    "fields": {
      "password": "bcrypt_sha256$$2b$12$bmj11SqWnZE1CpgbqqT0.OPXBKGMzTVyLsDWsBe3dRoxlCtN2sP9i",
      "last_login": null,
      "is_superuser": false,
      "first_name": "Another",
      "last_name": "Subcontractor",
      "is_staff": false,
      "is_active": true,
      "date_joined": "2020-07-30T12:21:16.129Z",
      "email": "another.subcontractor@gmail.com",
      "company": 4,
      "phone": "+41524904241",
      "position": "subcontractor",
      "group": 4,
      "groups": [
        4
      ],
      "created_at": "2020-07-30T12:21:16.129Z",
      "updated_at": "2020-07-30T12:21:16.129Z"
    }
  },
  {
    "model": "api.company",
    "pk": 1,
    "fields": {
      "name": "Stussy",
      "created_at": "2020-07-30T12:21:16.129Z",
      "updated_at": "2020-07-30T12:21:16.129Z",
      "deleted": "2020-07-30T12:21:16.129Z"
    }
  },
  {
    "model": "api.company",
    "pk": 2,
    "fields": {
      "name": "20 Century Fox",
      "created_at": "2020-07-30T12:21:16.129Z",
      "updated_at": "2020-07-30T12:21:16.129Z"
    }
  },
  {
    "model": "api.company",
    "pk": 3,
    "fields": {
      "name": "Disney",
      "created_at": "2020-07-30T12:21:16.129Z",
      "updated_at": "2020-07-30T12:21:16.129Z"
    }
  },
  {
    "model": "api.company",
    "pk": 4,
    "fields": {
      "name": "Universal",
      "created_at": "2020-07-30T12:21:16.129Z",
      "updated_at": "2020-07-30T12:21:16.129Z"
    }
  },
  {
    "model": "api.company",
    "pk": 5,
    "fields": {
      "name": "Alfa",
      "created_at": "2020-07-30T12:21:16.129Z",
      "updated_at": "2020-07-30T12:21:16.129Z"
    }
  },
  {
    "model": "api.company",
    "pk": 6,
    "fields": {
      "name": "Tesla",
      "created_at": "2020-07-30T12:21:16.129Z",
      "updated_at": "2020-07-30T12:21:16.129Z"
    }
  },
  {
    "model": "api.company",
    "pk": 7,
    "fields": {
      "name": "Microsoft",
      "created_at": "2020-07-30T12:21:16.129Z",
      "updated_at": "2020-07-30T12:21:16.129Z"
    }
  },
  {
    "model": "api.packageactivitytask",
    "pk": 1,
    "fields": {
      "description": "First desc",
      "created_at": "2020-07-30T12:21:16.129Z",
      "updated_at": "2020-07-30T12:21:16.129Z",
      "package_activity": 4
    }
  },
  {
    "model": "api.packageactivitytask",
    "pk": 2,
    "fields": {
      "description": "Second desc",
      "created_at": "2020-07-30T12:21:16.129Z",
      "updated_at": "2020-07-30T12:21:16.129Z",
      "package_activity": 4
    }
  },
  {
    "model": "api.packageactivitytask",
    "pk": 3,
    "fields": {
      "description": "Third desc",
      "created_at": "2020-07-30T12:21:16.129Z",
      "updated_at": "2020-07-30T12:21:16.129Z",
      "package_activity": 3
    }
  },
  {
    "model": "api.packageactivitytask",
    "pk": 4,
    "fields": {
      "description": "Fourth desc",
      "created_at": "2020-07-30T12:21:16.129Z",
      "updated_at": "2020-07-30T12:21:16.129Z",
      "package_activity": 2
    }
  },
  {
    "model": "api.packageactivitytask",
    "pk": 5,
    "fields": {
      "description": "Fifth desc",
      "created_at": "2020-07-30T12:21:16.129Z",
      "updated_at": "2020-07-30T12:21:16.129Z",
      "package_activity": 1
    }
  },
  {
    "model": "api.packageactivitytask",
    "pk": 6,
    "fields": {
      "description": "Sixth desc",
      "created_at": "2020-07-30T12:21:16.129Z",
      "updated_at": "2020-07-30T12:21:16.129Z",
      "package_activity": 1
    }
  },
  {
    "model": "api.packageactivity",
    "pk": 1,
    "fields": {
      "name": "First package activity",
      "activity_id": "Activity",
      "created_at": "2020-07-30T12:21:16.129Z",
      "updated_at": "2020-07-30T12:21:16.129Z"
    }
  },
  {
    "model": "api.packageactivity",
    "pk": 2,
    "fields": {
      "name": "Second package activity",
      "created_at": "2020-07-30T12:21:16.129Z",
      "updated_at": "2020-07-30T12:21:16.129Z"
    }
  },
  {
    "model": "api.packageactivity",
    "pk": 3,
    "fields": {
      "name": "Third package activity",
      "created_at": "2020-07-30T12:21:16.129Z",
      "updated_at": "2020-07-30T12:21:16.129Z"
    }
  },
  {
    "model": "api.packageactivity",
    "pk": 4,
    "fields": {
      "name": "Fourth package activity",
      "created_at": "2020-07-30T12:21:16.129Z",
      "updated_at": "2020-07-30T12:21:16.129Z"
    }
  },
  {
    "model": "api.packageactivity",
    "pk": 5,
    "fields": {
      "name": "Fifth package activity",
      "created_at": "2020-07-30T12:21:16.129Z",
      "updated_at": "2020-07-30T12:21:16.129Z"
    }
  },
  {
    "model": "api.packageactivity",
    "pk": 6,
    "fields": {
      "name": "Six package activity",
      "created_at": "2020-07-30T12:21:16.129Z",
      "updated_at": "2020-07-30T12:21:16.129Z"
    }
  },
  {
    "model": "api.packageactivity",
    "pk": 7,
    "fields": {
      "name": "Seventh package activity",
      "created_at": "2020-07-30T12:21:16.129Z",
      "updated_at": "2020-07-30T12:21:16.129Z"
    }
  },
  {
    "model": "api.packageactivity",
    "pk": 8,
    "fields": {
      "name": "Eighth package activity",
      "created_at": "2020-07-30T12:21:16.129Z",
      "updated_at": "2020-07-30T12:21:16.129Z"
    }
  },
  {
    "model": "api.packageactivity",
    "pk": 9,
    "fields": {
      "name": "Ninth package activity",
      "created_at": "2020-07-30T12:21:16.129Z",
      "updated_at": "2020-07-30T12:21:16.129Z"
    }
  },
  {
    "model": "api.package",
    "pk": 1,
    "fields": {
      "name": "First package",
      "order": 2,
      "created_at": "2020-07-30T12:21:16.129Z",
      "updated_at": "2020-07-30T12:21:16.129Z"
    }
  },
  {
    "model": "api.package",
    "pk": 2,
    "fields": {
      "name": "Second package",
      "order": 3,
      "created_at": "2020-07-30T12:21:16.129Z",
      "updated_at": "2020-07-30T12:21:16.129Z"
    }
  },
  {
    "model": "api.package",
    "pk": 3,
    "fields": {
      "name": "Third package",
      "order": 4,
      "created_at": "2020-07-30T12:21:16.129Z",
      "updated_at": "2020-07-30T12:21:16.129Z"
    }
  },
  {
    "model": "api.package",
    "pk": 4,
    "fields": {
      "name": "Fourth package",
      "order": 5,
      "created_at": "2020-07-30T12:21:16.129Z",
      "updated_at": "2020-07-30T12:21:16.129Z"
    }
  },
  {
    "model": "api.project",
    "pk": 1,
    "fields": {
      "name": "Project 1",
      "number": "dfg134",
      "status": "tendering",
      "show_estimated_man_hours": true,
      "start_date": "2020-07-30",
      "completion_date": "2020-08-30",
      "value": 2343456.23,
      "value_currency": "USD",
      "created_at": "2020-07-30T12:21:16.129Z",
      "updated_at": "2020-07-30T12:21:16.129Z",
      "users": [
        1,
        2,
        5
      ]
    }
  },
  {
    "model": "api.project",
    "pk": 2,
    "fields": {
      "name": "Project 2",
      "number": "h5636uytsf",
      "status": "under_construction",
      "show_estimated_man_hours": false,
      "image": 2,
      "start_date": "2020-07-30",
      "completion_date": "2020-08-30",
      "value": 6534.65,
      "value_currency": "USD",
      "created_at": "2020-07-30T12:21:16.129Z",
      "updated_at": "2020-07-30T12:21:16.129Z",
      "users": [
        2
      ],
      "key_contacts": [
        2
      ]
    }
  },
  {
    "model": "api.project",
    "pk": 3,
    "fields": {
      "name": "Mitron 3",
      "number": "7th46ds",
      "status": "partially_completed",
      "show_estimated_man_hours": true,
      "image": 3,
      "start_date": "2020-07-30",
      "completion_date": "2020-08-30",
      "value": 765.34,
      "value_currency": "USD",
      "created_at": "2020-07-30T12:21:16.129Z",
      "updated_at": "2020-07-30T12:21:16.129Z"
    }
  },
  {
    "model": "api.project",
    "pk": 4,
    "fields": {
      "name": "Project 4",
      "number": "h356ydgd",
      "status": "completed",
      "show_estimated_man_hours": true,
      "image": 4,
      "start_date": "2020-07-30",
      "completion_date": "2020-08-30",
      "value": 765543.43,
      "value_currency": "USD",
      "created_at": "2020-07-30T12:21:16.129Z",
      "updated_at": "2020-07-30T12:21:16.129Z",
      "users": [
        2
      ]
    }
  },
  {
    "model": "api.project",
    "pk": 5,
    "fields": {
      "name": "Project 5",
      "number": "y356ywrtwe",
      "status": "archived",
      "show_estimated_man_hours": true,
      "image": 5,
      "start_date": "2020-07-30",
      "completion_date": "2020-08-30",
      "value": 123765.11,
      "value_currency": "USD",
      "created_at": "2020-07-30T12:21:16.129Z",
      "updated_at": "2020-07-30T12:21:16.129Z",
      "users": [
        2,
        3,
        5,
        6,
        8,
        9,
        10
      ]
    }
  },
  {
    "model": "api.project",
    "pk": 6,
    "fields": {
      "name": "Project 6",
      "number": "fg2645y4tf",
      "status": "tendering",
      "show_estimated_man_hours": true,
      "image": 6,
      "start_date": "2020-07-30",
      "completion_date": "2020-08-30",
      "value": 34551.43,
      "value_currency": "USD",
      "created_at": "2020-07-30T12:21:16.129Z",
      "updated_at": "2020-07-30T12:21:16.129Z",
      "users": [
        3
      ]
    }
  },
  {
    "model": "api.project",
    "pk": 7,
    "fields": {
      "name": "Projcto 7",
      "number": "rt4efweewe",
      "status": "tendering",
      "show_estimated_man_hours": false,
      "image": 7,
      "start_date": "2020-07-30",
      "completion_date": "2020-08-30",
      "value": 2346345.54,
      "value_currency": "USD",
      "created_at": "2020-07-30T12:21:16.129Z",
      "updated_at": "2020-07-30T12:21:16.129Z"
    }
  },
  {
    "model": "api.project",
    "pk": 8,
    "fields": {
      "name": "Project 8",
      "number": "fg2645y4t3",
      "status": "tendering",
      "show_estimated_man_hours": true,
      "image": 6,
      "start_date": "2020-07-30",
      "completion_date": "2020-08-30",
      "value": 34551.43,
      "value_currency": "USD",
      "created_at": "2020-07-30T12:21:16.129Z",
      "updated_at": "2020-07-30T12:21:16.129Z",
      "users": [
        2,
        3,
        5,
        6,
        8,
        9,
        10
      ]
    }
  },
  {
    "model": "api.packagematrix",
    "pk": 1,
    "fields": {
      "project": 6,
      "package": 4,
      "package_activity": 1,
      "created_at": "2020-07-30T12:21:16.129Z",
      "updated_at": "2020-07-30T12:21:16.129Z"
    }
  },
  {
    "model": "api.packagematrix",
    "pk": 2,
    "fields": {
      "project": 5,
      "package": 4,
      "package_activity": 2,
      "created_at": "2020-07-30T12:21:16.129Z",
      "updated_at": "2020-07-30T12:21:16.129Z"
    }
  },
  {
    "model": "api.packagematrix",
    "pk": 3,
    "fields": {
      "project": 1,
      "package": 4,
      "package_activity": 3,
      "created_at": "2020-07-30T12:21:16.129Z",
      "updated_at": "2020-07-30T12:21:16.129Z"
    }
  },
  {
    "model": "api.packagematrix",
    "pk": 4,
    "fields": {
      "project": 5,
      "package": 3,
      "package_activity": 4,
      "created_at": "2020-07-30T12:21:16.129Z",
      "updated_at": "2020-07-30T12:21:16.129Z"
    }
  },
  {
    "model": "api.packagematrix",
    "pk": 5,
    "fields": {
      "project": 5,
      "package": 4,
      "package_activity": 1,
      "created_at": "2020-07-30T12:21:16.129Z",
      "updated_at": "2020-07-30T12:21:16.129Z"
    }
  },
  {
    "model": "api.packagematrix",
    "pk": 6,
    "fields": {
      "project": 4,
      "package": 4,
      "package_activity": 2,
      "created_at": "2020-07-30T12:21:16.129Z",
      "updated_at": "2020-07-30T12:21:16.129Z"
    }
  },
  {
    "model": "api.packagematrix",
    "pk": 7,
    "fields": {
      "project": 6,
      "package": 2,
      "package_activity": 2,
      "created_at": "2020-07-30T12:21:16.129Z",
      "deleted": "2020-07-30T12:21:16.129Z",
      "updated_at": "2020-07-30T12:21:16.129Z"
    }
  },
  {
    "model": "api.packagematrix",
    "pk": 8,
    "fields": {
      "project": 5,
      "package": 2,
      "package_activity": 5,
      "created_at": "2020-07-30T12:21:16.129Z",
      "deleted": "2020-07-30T12:21:16.129Z",
      "updated_at": "2020-07-30T12:21:16.129Z"
    }
  },
  {
    "model": "api.packagematrix",
    "pk": 9,
    "fields": {
      "project": 5,
      "package": 2,
      "package_activity": 6,
      "created_at": "2020-07-30T12:21:16.129Z",
      "updated_at": "2020-07-30T12:21:16.129Z"
    }
  },
  {
    "model": "api.packagematrix",
    "pk": 10,
    "fields": {
      "project": 5,
      "package": 2,
      "package_activity": 7,
      "created_at": "2020-07-30T12:21:16.129Z",
      "updated_at": "2020-07-30T12:21:16.129Z"
    }
  },
  {
    "model": "api.packagematrix",
    "pk": 11,
    "fields": {
      "project": 5,
      "package": 2,
      "package_activity": 8,
      "created_at": "2020-07-30T12:21:16.129Z",
      "updated_at": "2020-07-30T12:21:16.129Z"
    }
  },
  {
    "model": "api.packagematrix",
    "pk": 12,
    "fields": {
      "project": 5,
      "package": 2,
      "package_activity": 9,
      "created_at": "2020-07-30T12:21:16.129Z",
      "updated_at": "2020-07-30T12:21:16.129Z"
    }
  },
  {
    "model": "api.packagematrix",
    "pk": 13,
    "fields": {
      "project": 8,
      "package": 1,
      "package_activity": 1,
      "created_at": "2020-07-30T12:21:16.129Z",
      "updated_at": "2020-07-30T12:21:16.129Z"
    }
  },
  {
    "model": "api.packagematrix",
    "pk": 14,
    "fields": {
      "project": 5,
      "package": 1,
      "package_activity": 5,
      "created_at": "2020-07-30T12:21:16.129Z",
      "updated_at": "2020-07-30T12:21:16.129Z"
    }
  },
  {
    "model": "api.packagematrixcompany",
    "pk": 1,
    "fields": {
      "package_matrix": 5,
      "company": 2,
      "created_at": "2020-07-30T12:21:16.129Z",
      "updated_at": "2020-07-30T12:21:16.129Z"
    }
  },
  {
    "model": "api.packagematrixcompany",
    "pk": 2,
    "fields": {
      "package_matrix": 5,
      "company": 3,
      "created_at": "2020-07-30T12:21:16.129Z",
      "updated_at": "2020-07-30T12:21:16.129Z"
    }
  },
  {
    "model": "api.packagematrixcompany",
    "pk": 3,
    "fields": {
      "package_matrix": 4,
      "company": 2,
      "created_at": "2020-07-30T12:21:16.129Z",
      "updated_at": "2020-07-30T12:21:16.129Z"
    }
  },
  {
    "model": "api.packagematrixcompany",
    "pk": 4,
    "fields": {
      "package_matrix": 4,
      "company": 1,
      "created_at": "2020-07-30T12:21:16.129Z",
      "updated_at": "2020-07-30T12:21:16.129Z"
    }
  },
  {
    "model": "api.packagematrixcompany",
    "pk": 5,
    "fields": {
      "package_matrix": 4,
      "company": 3,
      "created_at": "2020-07-30T12:21:16.129Z",
      "updated_at": "2020-07-30T12:21:16.129Z"
    }
  },
  {
    "model": "api.packagematrixcompany",
    "pk": 6,
    "fields": {
      "package_matrix": 3,
      "company": 2,
      "created_at": "2020-07-30T12:21:16.129Z",
      "updated_at": "2020-07-30T12:21:16.129Z"
    }
  },
  {
    "model": "api.packagematrixcompany",
    "pk": 7,
    "fields": {
      "package_matrix": 3,
      "company": 1,
      "created_at": "2020-07-30T12:21:16.129Z",
      "updated_at": "2020-07-30T12:21:16.129Z"
    }
  },
  {
    "model": "api.packagematrixcompany",
    "pk": 8,
    "fields": {
      "package_matrix": 5,
      "company": 4,
      "created_at": "2020-07-30T12:21:16.129Z",
      "updated_at": "2020-07-30T12:21:16.129Z"
    }
  },
  {
    "model": "api.packagematrixcompany",
    "pk": 9,
    "fields": {
      "package_matrix": 10,
      "company": 4,
      "created_at": "2020-07-30T12:21:16.129Z",
      "updated_at": "2020-07-30T12:21:16.129Z"
    }
  },
  {
    "model": "api.packagematrixcompany",
    "pk": 10,
    "fields": {
      "package_matrix": 11,
      "company": 4,
      "created_at": "2020-07-30T12:21:16.129Z",
      "updated_at": "2020-07-30T12:21:16.129Z"
    }
  },
  {
    "model": "api.packagematrixcompany",
    "pk": 11,
    "fields": {
      "package_matrix": 14,
      "company": 4,
      "created_at": "2020-07-30T12:21:16.129Z",
      "updated_at": "2020-07-30T12:21:16.129Z"
    }
  },
  {
    "model": "api.packagematrixcompany",
    "pk": 12,
    "fields": {
      "package_matrix": 4,
      "company": 4,
      "created_at": "2020-07-30T12:21:16.129Z",
      "updated_at": "2020-07-30T12:21:16.129Z"
    }
  },
  {
    "model": "api.assethandover",
    "pk": 1,
    "fields": {
      "location_matrix": 1,
      "package_activity": 1,
      "project": 5,
      "created_at": "2020-07-30T12:21:16.129Z",
      "updated_at": "2020-07-30T12:21:16.129Z"
    }
  },
  {
    "model": "api.assethandover",
    "pk": 2,
    "fields": {
      "location_matrix": 2,
      "package_activity": 2,
      "project": 5,
      "created_at": "2020-07-30T12:21:16.129Z",
      "updated_at": "2020-07-30T12:21:16.129Z"
    }
  },
  {
    "model": "api.assethandover",
    "pk": 3,
    "fields": {
      "location_matrix": 5,
      "package_activity": 4,
      "project": 5,
      "created_at": "2020-07-30T12:21:16.129Z",
      "updated_at": "2020-07-30T12:21:16.129Z",
      "deleted": "2020-07-30T12:21:16.129Z"
    }
  },
  {
    "model": "api.assethandover",
    "pk": 4,
    "fields": {
      "location_matrix": 1,
      "package_activity": 5,
      "project": 5,
      "created_at": "2020-07-30T12:21:16.129Z",
      "updated_at": "2020-07-30T12:21:16.129Z",
      "deleted": "2020-07-30T12:21:16.129Z"
    }
  },
  {
    "model": "api.assethandover",
    "pk": 5,
    "fields": {
      "location_matrix": 2,
      "package_activity": 6,
      "project": 5,
      "created_at": "2020-07-30T12:21:16.129Z",
      "updated_at": "2020-07-30T12:21:16.129Z"
    }
  },
  {
    "model": "api.assethandover",
    "pk": 6,
    "fields": {
      "location_matrix": 5,
      "package_activity": 1,
      "project": 5,
      "created_at": "2020-07-30T12:21:16.129Z",
      "deleted": "2020-07-30T12:21:16.129Z",
      "updated_at": "2020-07-30T12:21:16.129Z"
    }
  },
  {
    "model": "api.assethandover",
    "pk": 7,
    "fields": {
      "location_matrix": 1,
      "package_activity": 2,
      "project": 5,
      "created_at": "2020-07-30T12:21:16.129Z",
      "deleted": "2020-07-30T12:21:16.129Z",
      "updated_at": "2020-07-30T12:21:16.129Z"
    }
  },
  {
    "model": "api.assethandover",
    "pk": 8,
    "fields": {
      "location_matrix": 5,
      "package_activity": 6,
      "project": 5,
      "created_at": "2020-07-30T12:21:16.129Z",
      "updated_at": "2020-07-30T12:21:16.129Z"
    }
  },
  {
    "model": "api.assethandover",
    "pk": 9,
    "fields": {
      "location_matrix": 1,
      "package_activity": 7,
      "project": 5,
      "created_at": "2020-07-30T12:21:16.129Z",
      "updated_at": "2020-07-30T12:21:16.129Z"
    }
  },
  {
    "model": "api.assethandover",
    "pk": 10,
    "fields": {
      "location_matrix": 1,
      "package_activity": 8,
      "project": 5,
      "created_at": "2020-07-30T12:21:16.129Z",
      "updated_at": "2020-07-30T12:21:16.129Z"
    }
  },
  {
    "model": "api.assethandover",
    "pk": 11,
    "fields": {
      "location_matrix": 1,
      "package_activity": 9,
      "project": 5,
      "created_at": "2020-07-30T12:21:16.129Z",
      "updated_at": "2020-07-30T12:21:16.129Z"
    }
  },
  {
    "model": "api.assethandover",
    "pk": 12,
    "fields": {
      "location_matrix": 6,
      "package_activity": 1,
      "project": 8,
      "created_at": "2020-07-30T12:21:16.129Z",
      "updated_at": "2020-07-30T12:21:16.129Z"
    }
  },
  {
    "model": "api.assethandoverdocument",
    "pk": 1,
    "fields": {
      "asset_handover": 1,
      "document_type": 1,
      "number_required_files": 0,
      "created_at": "2020-07-30T12:21:16.129Z",
      "updated_at": "2020-07-30T12:21:16.129Z"
    }
  },
  {
    "model": "api.assethandoverdocument",
    "pk": 2,
    "fields": {
      "asset_handover": 1,
      "document_type": 2,
      "number_required_files": 1,
      "created_at": "2020-07-30T12:21:16.129Z",
      "updated_at": "2020-07-30T12:21:16.129Z"
    }
  },
  {
    "model": "api.assethandoverdocument",
    "pk": 3,
    "fields": {
      "asset_handover": 2,
      "document_type": 1,
      "number_required_files": 2,
      "created_at": "2020-07-30T12:21:16.129Z",
      "updated_at": "2020-07-30T12:21:16.129Z"
    }
  },
  {
    "model": "api.assethandoverdocument",
    "pk": 4,
    "fields": {
      "asset_handover": 2,
      "document_type": 2,
      "number_required_files": 3,
      "created_at": "2020-07-30T12:21:16.129Z",
      "updated_at": "2020-07-30T12:21:16.129Z"
    }
  },
  {
    "model": "api.assethandoverdocument",
    "pk": 5,
    "fields": {
      "asset_handover": 3,
      "document_type": 1,
      "number_required_files": 4,
      "created_at": "2020-07-30T12:21:16.129Z",
      "updated_at": "2020-07-30T12:21:16.129Z"
    }
  },
  {
    "model": "api.assethandoverdocument",
    "pk": 6,
    "fields": {
      "asset_handover": 3,
      "document_type": 2,
      "number_required_files": 5,
      "created_at": "2020-07-30T12:21:16.129Z",
      "updated_at": "2020-07-30T12:21:16.129Z"
    }
  },
  {
    "model": "api.assethandoverdocument",
    "pk": 7,
    "fields": {
      "asset_handover": 9,
      "document_type": 1,
      "number_required_files": 5,
      "created_at": "2020-07-30T12:21:16.129Z",
      "updated_at": "2020-07-30T12:21:16.129Z"
    }
  },
  {
    "model": "api.assethandoverdocument",
    "pk": 8,
    "fields": {
      "asset_handover": 10,
      "document_type": 1,
      "number_required_files": 5,
      "created_at": "2020-07-30T12:21:16.129Z",
      "updated_at": "2020-07-30T12:21:16.129Z"
    }
  },
  {
    "model": "api.assethandoverdocument",
    "pk": 9,
    "fields": {
      "asset_handover": 11,
      "document_type": 1,
      "number_required_files": 5,
      "created_at": "2020-07-30T12:21:16.129Z",
      "updated_at": "2020-07-30T12:21:16.129Z"
    }
  },
  {
    "model": "api.assethandoverdocument",
    "pk": 10,
    "fields": {
      "asset_handover": 12,
      "document_type": 1,
      "number_required_files": 5,
      "created_at": "2020-07-30T12:21:16.129Z",
      "updated_at": "2020-07-30T12:21:16.129Z"
    }
  },
  {
    "model": "api.assethandoverdocument",
    "pk": 11,
    "fields": {
      "asset_handover": 7,
      "document_type": 1,
      "number_required_files": 52,
      "created_at": "2020-07-30T12:21:16.129Z",
      "updated_at": "2020-07-30T12:21:16.129Z"
    }
  },
  {
    "model": "api.assethandoverdocument",
    "pk": 12,
    "fields": {
      "asset_handover": 7,
      "document_type": 2,
      "number_required_files": 3,
      "created_at": "2020-07-30T12:21:16.129Z",
      "updated_at": "2020-07-30T12:21:16.129Z"
    }
  },
  {
    "model": "api.editmode",
    "pk": 1,
    "fields": {
      "project": 6,
      "user": 1,
      "created_at": "2020-07-30T12:21:16.129Z",
      "updated_at": "2020-07-30T12:21:16.129Z"
    }
  },
  {
    "model": "api.editmode",
    "pk": 2,
    "fields": {
      "project": 5,
      "user": 1,
      "created_at": "2020-07-30T12:21:16.129Z",
      "updated_at": "2020-07-30T12:21:16.129Z"
    }
  },
  {
    "model": "api.editmode",
    "pk": 3,
    "fields": {
      "project": 5,
      "user": 2,
      "created_at": "2020-07-30T12:21:16.129Z",
      "updated_at": "2020-07-30T12:21:16.129Z"
    }
  },
  {
    "model": "api.locationmatrix",
    "pk": 1,
    "fields": {
      "project": 5,
      "building": "Building A",
      "level": "7A",
      "area": "Hall",
      "created_at": "2020-07-30T12:21:16.129Z",
      "updated_at": "2020-07-30T12:21:16.129Z"
    }
  },
  {
    "model": "api.locationmatrix",
    "pk": 2,
    "fields": {
      "project": 5,
      "building": "Building A",
      "level": "8A",
      "area": "Hall",
      "created_at": "2020-07-30T12:21:16.129Z",
      "updated_at": "2020-07-30T12:21:16.129Z"
    }
  },
  {
    "model": "api.locationmatrix",
    "pk": 3,
    "fields": {
      "project": 1,
      "building": "Building A",
      "level": "A",
      "area": "Kitchen",
      "created_at": "2020-07-30T12:21:16.129Z",
      "updated_at": "2020-07-30T12:21:16.129Z"
    }
  },
  {
    "model": "api.locationmatrix",
    "pk": 4,
    "fields": {
      "project": 1,
      "building": "Building A",
      "level": "B",
      "area": "Kitchen",
      "created_at": "2020-07-30T12:21:16.129Z",
      "updated_at": "2020-07-30T12:21:16.129Z"
    }
  },
  {
    "model": "api.locationmatrix",
    "pk": 5,
    "fields": {
      "project": 5,
      "building": "Building B",
      "level": "B",
      "area": "Garden",
      "created_at": "2020-07-30T12:21:16.129Z",
      "updated_at": "2020-07-30T12:21:16.129Z",
      "deleted": "2020-07-30T12:21:16.129Z"
    }
  },
  {
    "model": "api.locationmatrix",
    "pk": 6,
    "fields": {
      "project": 8,
      "building": "Building B",
      "level": "B",
      "area": "Garden",
      "created_at": "2020-07-30T12:21:16.129Z",
      "updated_at": "2020-07-30T12:21:16.129Z",
      "deleted": "2020-07-30T12:21:16.129Z"
    }
  },
  {
    "model": "api.locationmatrixpackage",
    "pk": 1,
    "fields": {
      "location_matrix": 1,
      "package_matrix": 8,
      "enabled": true,
      "package": 2,
      "package_activity": 5,
      "package_activity_name": "Second package activity",
      "created_at": "2020-07-30T12:21:16.129Z",
      "updated_at": "2020-07-30T12:21:16.129Z",
      "deleted": "2020-07-30T12:21:16.129Z"
    }
  },
  {
    "model": "api.locationmatrixpackage",
    "pk": 2,
    "fields": {
      "location_matrix": 1,
      "package_matrix": 2,
      "enabled": true,
      "package": 4,
      "package_activity": 2,
      "package_activity_name": "Second package activity",
      "created_at": "2020-07-30T12:21:16.129Z",
      "updated_at": "2020-07-30T12:21:16.129Z"
    }
  },
  {
    "model": "api.locationmatrixpackage",
    "pk": 3,
    "fields": {
      "location_matrix": 2,
      "package_matrix": 2,
      "enabled": false,
      "package": 4,
      "package_activity": 2,
      "package_activity_name": "Second package activity",
      "created_at": "2020-07-30T12:21:16.129Z",
      "updated_at": "2020-07-30T12:21:16.129Z"
    }
  },
  {
    "model": "api.locationmatrixpackage",
    "pk": 4,
    "fields": {
      "location_matrix": 1,
      "package_matrix": 4,
      "enabled": false,
      "package": 3,
      "package_activity": 4,
      "package_activity_name": "Fourth package activity",
      "created_at": "2020-07-30T12:21:16.129Z",
      "updated_at": "2020-07-30T12:21:16.129Z"
    }
  },
  {
    "model": "api.locationmatrixpackage",
    "pk": 5,
    "fields": {
      "location_matrix": 2,
      "package_matrix": 4,
      "enabled": false,
      "package": 3,
      "package_activity": 4,
      "package_activity_name": "Fourth package activity",
      "created_at": "2020-07-30T12:21:16.129Z",
      "updated_at": "2020-07-30T12:21:16.129Z"
    }
  },
  {
    "model": "api.locationmatrixpackage",
    "pk": 6,
    "fields": {
      "location_matrix": 5,
      "package_matrix": 9,
      "enabled": true,
      "package": 2,
      "package_activity": 6,
      "package_activity_name": "Sixth package activity",
      "created_at": "2020-07-30T12:21:16.129Z",
      "updated_at": "2020-07-30T12:21:16.129Z"
    }
  },
  {
    "model": "api.locationmatrixpackage",
    "pk": 7,
    "fields": {
      "location_matrix": 1,
      "package_matrix": 10,
      "enabled": true,
      "package": 2,
      "package_activity": 7,
      "package_activity_name": "Seventh package activity",
      "created_at": "2020-07-30T12:21:16.129Z",
      "updated_at": "2020-07-30T12:21:16.129Z"
    }
  },
  {
    "model": "api.locationmatrixpackage",
    "pk": 8,
    "fields": {
      "location_matrix": 1,
      "package_matrix": 11,
      "enabled": true,
      "package": 2,
      "package_activity": 8,
      "package_activity_name": "Eighth package activity",
      "created_at": "2020-07-30T12:21:16.129Z",
      "updated_at": "2020-07-30T12:21:16.129Z"
    }
  },
  {
    "model": "api.locationmatrixpackage",
    "pk": 9,
    "fields": {
      "location_matrix": 1,
      "package_matrix": 12,
      "enabled": true,
      "package": 2,
      "package_activity": 9,
      "package_activity_name": "Eighth package activity",
      "created_at": "2020-07-30T12:21:16.129Z",
      "updated_at": "2020-07-30T12:21:16.129Z"
    }
  },
  {
    "model": "api.locationmatrixpackage",
    "pk": 10,
    "fields": {
      "location_matrix": 6,
      "package_matrix": 13,
      "enabled": true,
      "package": 1,
      "package_activity": 1,
      "package_activity_name": "Nine package activity",
      "created_at": "2020-07-30T12:21:16.129Z",
      "updated_at": "2020-07-30T12:21:16.129Z"
    }
  },
  {
    "model": "api.locationmatrixpackage",
    "pk": 11,
    "fields": {
      "location_matrix": 5,
      "package_matrix": 4,
      "enabled": true,
      "package": 1,
      "package_activity": 4,
      "package_activity_name": "Tenth package activity",
      "created_at": "2020-07-30T12:21:16.129Z",
      "updated_at": "2020-07-30T12:21:16.129Z"
    }
  },
  {
    "model": "api.locationmatrixpackage",
    "pk": 12,
    "fields": {
      "location_matrix": 1,
      "package_matrix": 14,
      "enabled": true,
      "package": 1,
      "package_activity": 5,
      "package_activity_name": "Fifth package activity",
      "created_at": "2020-07-30T12:21:16.129Z",
      "updated_at": "2020-07-30T12:21:16.129Z"
    }
  },
  {
    "model": "api.locationmatrixpackage",
    "pk": 13,
    "fields": {
      "location_matrix": 1,
      "package_matrix": 13,
      "enabled": true,
      "package": 1,
      "package_activity": 5,
      "package_activity_name": "Fifth package activity",
      "created_at": "2020-07-30T12:21:16.129Z",
      "updated_at": "2020-07-30T12:21:16.129Z"
    }
  },
  {
    "model": "api.assethandoverdocumentmedia",
    "pk": 1,
    "fields": {
      "asset_handover_document": 1,
      "media": 1,
      "status": "accepted",
      "created_at": "2020-07-30T12:21:16.129Z",
      "updated_at": "2020-07-30T12:21:16.129Z"
    }
  },
  {
    "model": "api.assethandoverdocumentmedia",
    "pk": 2,
    "fields": {
      "asset_handover_document": 1,
      "media": 2,
      "status": "requesting_approval",
      "created_at": "2020-07-30T12:21:16.129Z",
      "updated_at": "2020-07-30T12:21:16.129Z"
    }
  },
  {
    "model": "api.assethandoverdocumentmedia",
    "pk": 3,
    "fields": {
      "asset_handover_document": 1,
      "media": 3,
      "status": "requesting_approval",
      "created_at": "2020-07-30T12:21:16.129Z",
      "updated_at": "2020-07-30T12:21:16.129Z"
    }
  },
  {
    "model": "api.assethandoverdocumentmedia",
    "pk": 4,
    "fields": {
      "asset_handover_document": 2,
      "media": 1,
      "status": "accepted",
      "created_at": "2020-07-30T12:21:16.129Z",
      "updated_at": "2020-07-30T12:21:16.129Z"
    }
  },
  {
    "model": "api.assethandoverdocumentmedia",
    "pk": 5,
    "fields": {
      "asset_handover_document": 3,
      "media": 1,
      "status": "in_progress",
      "created_at": "2020-07-30T12:21:16.129Z",
      "updated_at": "2020-07-30T12:21:16.129Z"
    }
  },
  {
    "model": "api.assethandoverdocumentmedia",
    "pk": 6,
    "fields": {
      "asset_handover_document": 4,
      "media": 1,
      "status": "requesting_approval",
      "created_at": "2020-07-30T12:21:16.129Z",
      "updated_at": "2020-07-30T12:21:16.129Z"
    }
  },
  {
    "model": "api.assethandoverdocumentmedia",
    "pk": 7,
    "fields": {
      "asset_handover_document": 5,
      "media": 1,
      "status": "requesting_approval",
      "created_at": "2020-07-30T12:21:16.129Z",
      "updated_at": "2020-07-30T12:21:16.129Z"
    }
  },
  {
    "model": "api.assethandoverdocumentmedia",
    "pk": 8,
    "fields": {
      "asset_handover_document": 6,
      "media": 1,
      "status": "requesting_approval",
      "created_at": "2020-07-30T12:21:16.129Z",
      "updated_at": "2020-07-30T12:21:16.129Z"
    }
  },
  {
    "model": "api.assethandoverdocumentmedia",
    "pk": 9,
    "fields": {
      "asset_handover_document": 1,
      "media": 4,
      "status": "requesting_approval",
      "created_at": "2020-07-30T12:21:16.129Z",
      "updated_at": "2020-07-30T12:21:16.129Z"
    }
  },
  {
    "model": "api.assethandoverdocumentmedia",
    "pk": 10,
    "fields": {
      "asset_handover_document": 1,
      "media": 5,
      "status": "requesting_approval",
      "created_at": "2020-07-30T12:21:16.129Z",
      "updated_at": "2020-07-30T12:21:16.129Z"
    }
  },
  {
    "model": "api.assethandoverdocumentmedia",
    "pk": 11,
    "fields": {
      "asset_handover_document": 10,
      "media": 1,
      "status": "accepted",
      "created_at": "2020-07-30T12:21:16.129Z",
      "updated_at": "2020-07-30T12:21:16.129Z"
    }
  },
  {
    "model": "api.assethandoverdocumentmedia",
    "pk": 12,
    "fields": {
      "asset_handover_document": 10,
      "media": 2,
      "status": "accepted",
      "created_at": "2020-07-30T12:21:16.129Z",
      "updated_at": "2020-07-30T12:21:16.129Z"
    }
  },
  {
    "model": "api.assethandoverdocumentmedia",
    "pk": 13,
    "fields": {
      "asset_handover_document": 2,
      "media": 2,
      "status": "accepted",
      "created_at": "2020-07-30T12:21:16.129Z",
      "updated_at": "2020-07-30T12:21:16.129Z"
    }
  },
  {
    "model": "api.assethandoverdocumentmedia",
    "pk": 14,
    "fields": {
      "asset_handover_document": 12,
      "media": 2,
      "status": "accepted",
      "created_at": "2020-07-30T12:21:16.129Z",
      "updated_at": "2020-07-30T12:21:16.129Z"
    }
  },
  {
    "model": "api.assethandoverinformation",
    "pk": 1,
    "fields": {
      "guid_external_ref": "external ref 1",
      "warranty": "warranty 1",
      "manufacture_serial_number": "S/N 1",
      "model_number": "M/N 1",
      "asset_handover": 1,
      "created_at": "2020-07-30T12:21:16.129Z",
      "updated_at": "2020-07-30T12:21:16.129Z"
    }
  },
  {
    "model": "api.assethandoverinformation",
    "pk": 2,
    "fields": {
      "guid_external_ref": null,
      "warranty": "warranty 1",
      "manufacture_serial_number": "S/N 1",
      "model_number": "M/N 1",
      "asset_handover": 2,
      "created_at": "2020-07-30T12:21:16.129Z",
      "updated_at": "2020-07-30T12:21:16.129Z"
    }
  },
  {
    "model": "api.assethandoverinformation",
    "pk": 3,
    "fields": {
      "guid_external_ref": null,
      "warranty": null,
      "manufacture_serial_number": "S/N 1",
      "model_number": "M/N 1",
      "asset_handover": 3,
      "created_at": "2020-07-30T12:21:16.129Z",
      "updated_at": "2020-07-30T12:21:16.129Z"
    }
  },
  {
    "model": "api.packagehandover",
    "pk": 1,
    "fields": {
      "package_matrix": 2,
      "inspection_period": null,
      "maintenance_period": null,
      "created_at": "2020-07-30T12:21:16.129Z",
      "updated_at": "2020-07-30T12:21:16.129Z"
    }
  },
  {
    "model": "api.packagehandover",
    "pk": 2,
    "fields": {
      "package_matrix": 4,
      "inspection_period": 1,
      "maintenance_period": 3,
      "created_at": "2020-07-30T12:21:16.129Z",
      "updated_at": "2020-07-30T12:21:16.129Z"
    }
  },
  {
    "model": "api.packagehandover",
    "pk": 3,
    "fields": {
      "package_matrix": 5,
      "inspection_period": 6,
      "maintenance_period": 18,
      "created_at": "2020-07-30T12:21:16.129Z",
      "updated_at": "2020-07-30T12:21:16.129Z"
    }
  },
  {
    "model": "api.packagehandover",
    "pk": 4,
    "fields": {
      "package_matrix": 14,
      "inspection_period": 6,
      "maintenance_period": 18,
      "created_at": "2020-07-30T12:21:16.129Z",
      "updated_at": "2020-07-30T12:21:16.129Z"
    }
  },
  {
    "model": "api.packagehandoverdocument",
    "pk": 1,
    "fields": {
      "package_handover": 1,
      "package_handover_document_type": 1,
      "number_required_files": 5,
      "package_activity": 1,
      "project": 5,
      "created_at": "2020-07-30T12:21:16.129Z",
      "updated_at": "2020-07-30T12:21:16.129Z"
    }
  },
  {
    "model": "api.packagehandoverdocument",
    "pk": 2,
    "fields": {
      "package_handover": 2,
      "package_handover_document_type": 9,
      "number_required_files": 5,
      "package_activity": 1,
      "project": 5,
      "created_at": "2020-07-30T12:21:16.129Z",
      "updated_at": "2020-07-30T12:21:16.129Z"
    }
  },
  {
    "model": "api.packagehandoverdocument",
    "pk": 3,
    "fields": {
      "package_handover": 4,
      "package_handover_document_type": 9,
      "number_required_files": 5,
      "package_activity": 5,
      "project": 5,
      "created_at": "2020-07-30T12:21:16.129Z",
      "updated_at": "2020-07-30T12:21:16.129Z"
    }
  },
  {
    "model": "api.packagehandoverdocumentmedia",
    "pk": 1,
    "fields": {
      "uid": "sdf342342dsfs",
      "information": "some dummy info some dummy info some dummy info some dummy info some dummy info some dummy info some dummy info some dummy info some dummy info some dummy info some dummy info some dummy info some dummy info some dummy info some dummy info some dummy info some dummy info ",
      "package_handover_document": 1,
      "media": 2,
      "status": "requesting_approval",
      "created_at": "2020-07-30T12:21:16.129Z",
      "updated_at": "2020-07-30T12:21:16.129Z"
    }
  },
  {
    "model": "api.packagehandoverdocumentmedia",
    "pk": 2,
    "fields": {
      "uid": "dfsdgfds3432",
      "package_handover_document": 2,
      "media": 1,
      "status": "requesting_approval",
      "created_at": "2020-07-30T12:21:16.129Z",
      "updated_at": "2020-07-30T12:21:16.129Z"
    }
  },
  {
    "model": "api.packagehandoverdocumentmedia",
    "pk": 3,
    "fields": {
      "uid": "fdsfds4343sadsa",
      "package_handover_document": 1,
      "media": 1,
      "status": "requesting_approval",
      "created_at": "2020-07-30T12:21:16.129Z",
      "updated_at": "2020-07-30T12:21:16.129Z"
    }
  },
  {
    "model": "api.packagehandoverdocumentmedia",
    "pk": 4,
    "fields": {
      "uid": "dfds33afds",
      "package_handover_document": 1,
      "media": 1,
      "status": "accepted",
      "created_at": "2020-07-30T12:21:16.129Z",
      "updated_at": "2020-07-30T12:21:16.129Z"
    }
  },
  {
    "model": "api.packagehandoverdocumentmedia",
    "pk": 5,
    "fields": {
      "uid": null,
      "package_handover_document": 2,
      "media": 1,
      "status": "requesting_approval",
      "created_at": "2020-07-30T12:21:16.129Z",
      "updated_at": "2020-07-30T12:21:16.129Z"
    }
  },
  {
    "model": "api.packagehandoverdocumentmedia",
    "pk": 6,
    "fields": {
      "uid": "bingo",
      "package_handover_document": 3,
      "media": 1,
      "status": "accepted",
      "created_at": "2020-07-30T12:21:16.129Z",
      "updated_at": "2020-07-30T12:21:16.129Z"
    }
  },
  {
    "model": "api.packagehandoverdocumentmedia",
    "pk": 7,
    "fields": {
      "uid": "ringo",
      "package_handover_document": 3,
      "media": 2,
      "status": "requesting_approval",
      "created_at": "2020-07-30T12:21:16.129Z",
      "updated_at": "2020-07-30T12:21:16.129Z"
    }
  },
  {
    "model": "api.packagehandoverdocumentmediaupdate",
    "pk": 1,
    "fields": {
      "package_handover_document_media": 2,
      "old_data": {},
      "new_data": {
        "media": 1,
        "status": "in_progress",
        "uid": "dfsdgfds3432"
      },
      "user": 1,
      "company": 1,
      "created_at": "2020-07-30T12:21:16.129Z",
      "updated_at": "2020-07-30T12:21:16.129Z"
    }
  },
  {
    "model": "api.assethandoverdocumentmediaupdate",
    "pk": 1,
    "fields": {
      "asset_handover_document_media": 4,
      "user": 1,
      "company": 1,
      "comment": "test comment",
      "old_data": {},
      "new_data": {
        "status": "in_progress"
      },
      "created_at": "2020-07-30T12:21:16.135Z",
      "updated_at": "2020-07-30T12:21:16.135Z"
    }
  },
  {
    "model": "api.assethandoverdocumentmediaupdate",
    "pk": 2,
    "fields": {
      "asset_handover_document_media": 13,
      "user": 1,
      "company": 1,
      "comment": "test comment",
      "old_data": {},
      "new_data": {
        "status": "in_progress"
      },
      "created_at": "2020-07-30T12:21:16.135Z",
      "updated_at": "2020-07-30T12:21:16.135Z"
    }
  },
  {
    "model": "api.assethandoverdocumentmediaupdate",
    "pk": 3,
    "fields": {
      "asset_handover_document_media": 14,
      "user": 1,
      "company": 1,
      "comment": "test comment",
      "old_data": {},
      "new_data": {
        "status": "in_progress"
      },
      "created_at": "2020-07-30T12:21:16.135Z",
      "updated_at": "2020-07-30T12:21:16.135Z"
    }
  },
  {
    "model": "api.handoverdocumentarchive",
    "pk": 1,
    "fields": {
      "project": 5,
      "user": 1,
      "status": "in_progress",
      "created_at": "2020-07-30T12:21:16.135Z",
      "generation_started_at": "2020-07-30T12:21:16.135Z",
      "updated_at": "2020-07-30T12:21:16.135Z"
    }
  },
  {
    "model": "api.handoverdocumentarchive",
    "pk": 2,
    "fields": {
      "project": 5,
      "user": 2,
      "status": "in_progress",
      "created_at": "2020-07-30T12:21:16.135Z",
      "generation_started_at": "2020-07-30T12:21:16.135Z",
      "updated_at": "2020-07-30T12:21:16.135Z"
    }
  },
  {
    "model": "api.handoverdocumentarchive",
    "pk": 3,
    "fields": {
      "project": 5,
      "user": 3,
      "status": "completed",
      "created_at": "2020-07-30T12:21:16.135Z",
      "generation_started_at": "2020-07-30T12:21:16.135Z",
      "updated_at": "2020-07-30T12:21:16.135Z"
    }
  },
  {
    "model": "api.handoverdocumentarchive",
    "pk": 4,
    "fields": {
      "project": 5,
      "user": 4,
      "status": "in_progress",
      "created_at": "2020-07-30T12:21:16.135Z",
      "generation_started_at": "2020-07-30T12:21:16.135Z",
      "updated_at": "2020-07-30T12:21:16.135Z"
    }
  },
  {
    "model": "api.handoverdocumentarchive",
    "pk": 5,
    "fields": {
      "project": 5,
      "user": 5,
      "status": "in_progress",
      "created_at": "2020-07-30T12:21:16.135Z",
      "generation_started_at": "2020-07-30T12:21:16.135Z",
      "updated_at": "2020-07-30T12:21:16.135Z"
    }
  },
  {
    "model": "api.handoverdocumentarchive",
    "pk": 6,
    "fields": {
      "project": 5,
      "user": 6,
      "status": "in_progress",
      "created_at": "2020-07-30T12:21:16.135Z",
      "generation_started_at": "2020-07-30T12:21:16.135Z",
      "updated_at": "2020-07-30T12:21:16.135Z"
    }
  },
  {
    "model": "api.handoverdocumentarchive",
    "pk": 7,
    "fields": {
      "project": 1,
      "user": 1,
      "status": "in_progress",
      "created_at": "2020-07-30T12:21:16.135Z",
      "generation_started_at": "2020-07-30T12:21:16.135Z",
      "updated_at": "2020-07-30T12:21:16.135Z"
    }
  },
  {
    "model": "api.handoverdocumentarchivepart",
    "pk": 1,
    "fields": {
      "handover_document_archive": 2,
      "asset_handover_media_range": {"limit": 2, "offset": 0},
      "package_handover_media_range": {"limit": 2, "offset": 0},
      "in_range_files_count": 2,
      "total_files_count": 10,
      "status": "failed",
      "error_track_id": "57689",
      "media": null,
      "created_at": "2020-07-30T12:21:16.135Z",
      "updated_at": "2020-07-30T12:21:16.135Z"
    }
  },
  {
    "model": "api.handoverdocumentarchivepart",
    "pk": 2,
    "fields": {
      "handover_document_archive": 4,
      "asset_handover_media_range": {"limit": 2, "offset": 0},
      "package_handover_media_range": {"limit": 2, "offset": 0},
      "in_range_files_count": 2,
      "total_files_count": 10,
      "status": "running",
      "media": null,
      "created_at": "2020-07-30T12:21:16.135Z",
      "updated_at": "2020-07-30T12:21:16.135Z"
    }
  },
  {
    "model": "api.handoverdocumentarchivepart",
    "pk": 3,
    "fields": {
      "handover_document_archive": 5,
      "asset_handover_media_range": {"limit": 2, "offset": 0},
      "package_handover_media_range": {"limit": 2, "offset": 0},
      "in_range_files_count": 2,
      "total_files_count": 10,
      "status": "saved",
      "media": null,
      "created_at": "2020-07-30T12:21:16.135Z",
      "updated_at": "2020-07-30T12:21:16.135Z"
    }
  },
  {
    "model": "api.handoverdocumentarchivepart",
    "pk": 4,
    "fields": {
      "handover_document_archive": 5,
      "asset_handover_media_range": {"limit": 2, "offset": 2},
      "package_handover_media_range": {"limit": 2, "offset": 3},
      "in_range_files_count": 4,
      "total_files_count": 10,
      "status": "waiting",
      "media": null,
      "created_at": "2020-07-30T12:21:16.135Z",
      "updated_at": "2020-07-30T12:21:16.135Z"
    }
  },
  {
    "model": "api.handoverdocumentarchivepart",
    "pk": 5,
    "fields": {
      "handover_document_archive": 5,
      "asset_handover_media_range": {"limit": 2, "offset": 0},
      "package_handover_media_range": {"limit": 2, "offset": 0},
      "in_range_files_count": 2,
      "total_files_count": 10,
      "status": "waiting",
      "media": null,
      "created_at": "2020-07-30T12:21:16.135Z",
      "updated_at": "2020-07-30T12:21:16.135Z"
    }
  },
  {
    "model": "api.handoverdocumentarchivepart",
    "pk": 6,
    "fields": {
      "handover_document_archive": 1,
      "asset_handover_media_range": {"limit": 2, "offset": 0},
      "package_handover_media_range": {"limit": 2, "offset": 0},
      "in_range_files_count": 2,
      "total_files_count": 10,
      "status": "sent",
      "media": 1,
      "created_at": "2020-07-30T12:21:16.135Z",
      "updated_at": "2020-07-30T12:21:16.135Z"
    }
  },
  {
    "model": "api.handoverdocumentarchivepart",
    "pk": 7,
    "fields": {
      "handover_document_archive": 1,
      "asset_handover_media_range": {"limit": 2, "offset": 0},
      "package_handover_media_range": {"limit": 2, "offset": 0},
      "in_range_files_count": 2,
      "total_files_count": 10,
      "status": "waiting",
      "media": null,
      "created_at": "2020-07-30T12:21:16.135Z",
      "updated_at": "2020-07-30T12:21:16.135Z"
    }
  },
  {
    "model": "api.handoverdocumentarchivepart",
    "pk": 8,
    "fields": {
      "handover_document_archive": 6,
      "asset_handover_media_range": {"limit": 2, "offset": 0},
      "package_handover_media_range": {"limit": 2, "offset": 0},
      "in_range_files_count": 2,
      "total_files_count": 10,
      "status": "waiting",
      "media": null,
      "created_at": "2020-07-30T12:21:16.135Z",
      "updated_at": "2020-07-30T12:21:16.135Z"
    }
  },
  {
    "model": "api.handoverdocumentarchivepart",
    "pk": 9,
    "fields": {
      "handover_document_archive": 6,
      "asset_handover_media_range": {"limit": 2, "offset": 0},
      "package_handover_media_range": {"limit": 2, "offset": 0},
      "in_range_files_count": 2,
      "total_files_count": 10,
      "status": "waiting",
      "media": null,
      "created_at": "2020-07-30T12:21:16.135Z",
      "updated_at": "2020-07-30T12:21:16.135Z"
    }
  },
  {
    "model": "api.handoverdocumentarchivepart",
    "pk": 10,
    "fields": {
      "handover_document_archive": 7,
      "asset_handover_media_range": {"limit": 2, "offset": 0},
      "package_handover_media_range": {"limit": 2, "offset": 0},
      "in_range_files_count": 2,
      "total_files_count": 10,
      "status": "failed",
      "error_track_id": "123",
      "media": null,
      "created_at": "2020-07-30T12:21:16.135Z",
      "updated_at": "2020-07-30T12:21:16.135Z"
    }
  }
]
