[
  {
    "model": "api.packagehandoverdocument",
    "pk": 1,
    "fields": {
      "package_handover": 5,
      "package_handover_document_type": 1,
      "number_required_files": 5,
      "package_activity": 1,
      "project": 5,
      "created_at": "2020-07-30T12:21:16.129Z",
      "updated_at": "2020-07-30T12:21:16.129Z"
    }
  },
  {
    "model": "api.packagehandoverdocument",
    "pk": 2,
    "fields": {
      "package_handover": 5,
      "package_handover_document_type": 9,
      "number_required_files": 5,
      "package_activity": 1,
      "project": 5,
      "created_at": "2020-07-30T12:21:16.129Z",
      "updated_at": "2020-07-30T12:21:16.129Z"
    }
  },
  {
    "model": "api.packagehandoverdocument",
    "pk": 3,
    "fields": {
      "package_handover": 5,
      "package_handover_document_type": 16,
      "number_required_files": 5,
      "package_activity": 1,
      "project": 5,
      "created_at": "2020-07-30T12:21:16.129Z",
      "updated_at": "2020-07-30T12:21:16.129Z"
    }
  },
  {
    "model": "api.packagehandoverdocument",
    "pk": 4,
    "fields": {
      "package_handover": 6,
      "package_handover_document_type": 1,
      "number_required_files": 5,
      "package_activity": 2,
      "project": 6,
      "created_at": "2020-07-30T12:21:16.129Z",
      "updated_at": "2020-07-30T12:21:16.129Z"
    }
  },
  {
    "model": "api.packagehandoverdocument",
    "pk": 5,
    "fields": {
      "package_handover": 6,
      "package_handover_document_type": 9,
      "number_required_files": 5,
      "package_activity": 2,
      "project": 6,
      "created_at": "2020-07-30T12:21:16.129Z",
      "updated_at": "2020-07-30T12:21:16.129Z"
    }
  },
  {
    "model": "api.packagehandoverdocument",
    "pk": 6,
    "fields": {
      "package_handover": 6,
      "package_handover_document_type": 16,
      "number_required_files": 5,
      "package_activity": 2,
      "project": 6,
      "created_at": "2020-07-30T12:21:16.129Z",
      "deleted": "2020-07-30T12:21:16.129Z",
      "updated_at": "2020-07-30T12:21:16.129Z"
    }
  },
  {
    "model": "api.packagehandoverdocument",
    "pk": 7,
    "fields": {
      "package_handover": 5,
      "package_handover_document_type": 9,
      "number_required_files": 5,
      "package_activity": 1,
      "project": 5,
      "created_at": "2020-07-30T12:21:16.129Z",
      "updated_at": "2020-07-30T12:21:16.129Z"
    }
  },
  {
    "model": "api.packagehandoverdocument",
    "pk": 8,
    "fields": {
      "package_handover": 5,
      "package_handover_document_type": 1,
      "number_required_files": 5,
      "package_activity": 1,
      "project": 5,
      "created_at": "2020-07-30T12:21:16.129Z",
      "updated_at": "2020-07-30T12:21:16.129Z"
    }
  },
  {
    "model": "api.packagehandoverdocument",
    "pk": 9,
    "fields": {
      "package_handover": 5,
      "package_handover_document_type": 9,
      "number_required_files": 5,
      "package_activity": 1,
      "project": 5,
      "created_at": "2020-07-30T12:21:16.129Z",
      "updated_at": "2020-07-30T12:21:16.129Z"
    }
  },
  {
    "model": "api.packagehandoverdocument",
    "pk": 10,
    "fields": {
      "package_handover": 8,
      "package_handover_document_type": 9,
      "number_required_files": 5,
      "package_activity": 7,
      "project": 5,
      "created_at": "2020-07-30T12:21:16.129Z",
      "updated_at": "2020-07-30T12:21:16.129Z"
    }
  },
  {
    "model": "api.packagehandoverdocument",
    "pk": 11,
    "fields": {
      "package_handover": 9,
      "package_handover_document_type": 9,
      "number_required_files": 5,
      "package_activity": 8,
      "project": 5,
      "created_at": "2020-07-30T12:21:16.129Z",
      "updated_at": "2020-07-30T12:21:16.129Z"
    }
  },
  {
    "model": "api.packagehandoverdocument",
    "pk": 12,
    "fields": {
      "package_handover": 9,
      "package_handover_document_type": 9,
      "number_required_files": 5,
      "package_activity": 8,
      "project": 5,
      "created_at": "2020-07-30T12:21:16.129Z",
      "updated_at": "2020-07-30T12:21:16.129Z"
    }
  },
  {
    "model": "api.packagehandoverdocumentmedia",
    "pk": 1,
    "fields": {
      "uid": "sdf342342dsfs",
      "package_handover_document": 1,
      "media": 2,
      "status": "requesting_approval",
      "created_at": "2020-07-30T12:21:16.129Z",
      "updated_at": "2020-07-30T12:21:16.129Z"
    }
  },
  {
    "model": "api.packagehandoverdocumentmedia",
    "pk": 2,
    "fields": {
      "uid": "dfsdgfds3432",
      "package_handover_document": 2,
      "media": 1,
      "status": "in_progress",
      "created_at": "2020-07-30T12:21:16.129Z",
      "updated_at": "2020-07-30T12:21:16.129Z"
    }
  },
  {
    "model": "api.packagehandoverdocumentmedia",
    "pk": 3,
    "fields": {
      "uid": "fdsfds4343sadsa",
      "package_handover_document": 3,
      "media": 1,
      "status": "in_progress",
      "created_at": "2020-07-30T12:21:16.129Z",
      "updated_at": "2020-07-30T12:21:16.129Z"
    }
  },
  {
    "model": "api.packagehandoverdocumentmedia",
    "pk": 4,
    "fields": {
      "uid": "dfds33afds",
      "package_handover_document": 4,
      "media": 1,
      "status": "in_progress",
      "created_at": "2020-07-30T12:21:16.129Z",
      "updated_at": "2020-07-30T12:21:16.129Z"
    }
  },
  {
    "model": "api.packagehandoverdocumentmedia",
    "pk": 5,
    "fields": {
      "uid": null,
      "package_handover_document": 5,
      "media": 1,
      "status": "in_progress",
      "created_at": "2020-07-30T12:21:16.129Z",
      "updated_at": "2020-07-30T12:21:16.129Z"
    }
  },
  {
    "model": "api.packagehandoverdocumentmedia",
    "pk": 6,
    "fields": {
      "uid": "dd433fdfd",
      "package_handover_document": 6,
      "media": 1,
      "status": "in_progress",
      "created_at": "2020-07-30T12:21:16.129Z",
      "updated_at": "2020-07-30T12:21:16.129Z"
    }
  },
  {
    "model": "api.packagehandoverdocumentmedia",
    "pk": 7,
    "fields": {
      "uid": "dfds333322",
      "package_handover_document": 7,
      "media": 1,
      "status": "contested",
      "created_at": "2020-07-30T12:21:16.129Z",
      "updated_at": "2020-07-30T12:21:16.129Z"
    }
  },
  {
    "model": "api.packagehandoverdocumentmedia",
    "pk": 8,
    "fields": {
      "uid": "dfdf333dfs",
      "package_handover_document": 7,
      "media": 1,
      "status": "requested_approval_rejected",
      "created_at": "2020-07-30T12:21:16.129Z",
      "updated_at": "2020-07-30T12:21:16.129Z"
    }
  },
  {
    "model": "api.packagehandoverdocumentmedia",
    "pk": 9,
    "fields": {
      "uid": "sdfgh34jafd",
      "package_handover_document": 1,
      "media": 1,
      "status": "in_progress",
      "information": "still alive",
      "created_at": "2020-07-30T12:21:16.129Z",
      "updated_at": "2020-07-30T12:21:16.129Z"
    }
  },
  {
    "model": "api.packagehandoverdocumentmedia",
    "pk": 10,
    "fields": {
      "uid": "sdfgh34jafq",
      "package_handover_document": 10,
      "media": 1,
      "status": "in_progress",
      "created_at": "2020-07-30T12:21:16.129Z",
      "updated_at": "2020-07-30T12:21:16.129Z",
      "deleted": "2020-07-30T12:21:16.129Z"
    }
  },
  {
    "model": "api.packagehandoverdocumentmedia",
    "pk": 11,
    "fields": {
      "uid": "sdfgh34jafq",
      "package_handover_document": 11,
      "media": 1,
      "status": "in_progress",
      "created_at": "2020-07-30T12:21:16.129Z",
      "updated_at": "2020-07-30T12:21:16.129Z",
      "deleted": "2020-07-30T12:21:16.129Z"
    }
  },
  {
    "model": "api.packagehandoverdocumentmedia",
    "pk": 12,
    "fields": {
      "uid": "sdfgh34jafq",
      "package_handover_document": 11,
      "media": 1,
      "status": "in_progress",
      "created_at": "2020-07-30T12:21:16.129Z",
      "updated_at": "2020-07-30T12:21:16.129Z"
    }
  },
  {
    "model": "api.packagehandoverdocumentmedia",
    "pk": 13,
    "fields": {
      "uid": "sdfgh34jafa",
      "package_handover_document": 2,
      "media": 1,
      "status": "in_progress",
      "created_at": "2020-07-30T12:21:16.129Z",
      "updated_at": "2020-07-30T12:21:16.129Z"
    }
  },
  {
    "model": "api.packagehandoverdocumentmedia",
    "pk": 14,
    "fields": {
      "uid": "sdfgh34jsdd",
      "package_handover_document": 2,
      "media": 1,
      "status": "requesting_approval",
      "created_at": "2020-07-30T12:21:16.129Z",
      "updated_at": "2020-07-30T12:21:16.129Z"
    }
  },
  {
    "model": "api.packagehandoverdocumentmedia",
    "pk": 15,
    "fields": {
      "uid": "sdfgh34jwdd",
      "package_handover_document": 2,
      "media": 1,
      "status": "in_progress",
      "created_at": "2020-07-30T12:21:16.129Z",
      "updated_at": "2020-07-30T12:21:16.129Z"
    }
  },
  {
    "model": "api.packagehandoverdocumentmedia",
    "pk": 16,
    "fields": {
      "uid": "sdfgh34jwda",
      "package_handover_document": 2,
      "media": 1,
      "status": "accepted",
      "created_at": "2020-07-30T12:21:16.129Z",
      "updated_at": "2020-07-30T12:21:16.129Z"
    }
  },
  {
    "model": "api.packagehandoverdocumentmediaupdate",
    "pk": 1,
    "fields": {
      "package_handover_document_media": 1,
      "user": 1,
      "company": 1,
      "comment": "Comment",
      "old_data": {
        "status": "in_progress",
        "media": 2
      },
      "new_data": {
        "status": "contested"
      },
      "created_at": "2020-07-20T12:21:16.129Z",
      "updated_at": "2020-07-30T12:21:16.129Z"
    }
  },
  {
    "model": "api.packagehandoverdocumentmediaupdate",
    "pk": 2,
    "fields": {
      "package_handover_document_media": 2,
      "user": 1,
      "company": 1,
      "comment": "Comment",
      "old_data": {
        "status": "in_progress",
        "media": 2
      },
      "new_data": {
        "status": "contested",
        "media": 1
      },
      "created_at": "2020-07-21T12:21:16.129Z",
      "updated_at": "2020-07-30T12:21:16.129Z"
    }
  },
  {
    "model": "api.packagehandoverdocumentmediaupdate",
    "pk": 3,
    "fields": {
      "package_handover_document_media": 3,
      "user": 1,
      "company": 1,
      "comment": "Comment",
      "old_data": {
        "status": "in_progress",
        "media": 2
      },
      "new_data": {
        "status": "contested",
        "media": 1
      },
      "created_at": "2020-07-22T12:21:16.129Z",
      "updated_at": "2020-07-30T12:21:16.129Z"
    }
  },
  {
    "model": "api.packagehandoverdocumentmediaupdate",
    "pk": 4,
    "fields": {
      "package_handover_document_media": 4,
      "user": 1,
      "company": 1,
      "comment": "Comment",
      "old_data": {
        "status": "in_progress",
        "media": 2
      },
      "new_data": {
        "status": "contested",
        "media": 1
      },
      "created_at": "2020-07-23T12:21:16.129Z",
      "updated_at": "2020-07-30T12:21:16.129Z"
    }
  },
  {
    "model": "api.packagehandoverdocumentmediaupdate",
    "pk": 5,
    "fields": {
      "package_handover_document_media": 5,
      "user": 1,
      "company": 1,
      "comment": "Comment",
      "old_data": {
        "status": "in_progress",
        "media": 2
      },
      "new_data": {
        "status": "contested",
        "media": 1
      },
      "created_at": "2020-07-24T12:21:16.129Z",
      "updated_at": "2020-07-30T12:21:16.129Z"
    }
  },
  {
    "model": "api.packagehandoverdocumentmediaupdate",
    "pk": 6,
    "fields": {
      "package_handover_document_media": 6,
      "user": 1,
      "company": 1,
      "comment": "Comment",
      "old_data": {
        "status": "in_progress",
        "media": 2
      },
      "new_data": {
        "status": "contested",
        "media": 1
      },
      "created_at": "2020-07-25T12:21:16.129Z",
      "updated_at": "2020-07-30T12:21:16.129Z"
    }
  },
  {
    "model": "api.packagehandoverdocumentmediaupdate",
    "pk": 7,
    "fields": {
      "package_handover_document_media": 1,
      "user": 5,
      "company": 4,
      "comment": "Comment",
      "old_data": {
        "status": "contested",
        "media": 1
      },
      "new_data": {
        "status": "in_progress",
        "media": 2
      },
      "created_at": "2020-07-26T12:21:16.129Z",
      "updated_at": "2020-07-30T12:21:16.129Z"
    }
  },
  {
    "model": "api.packagehandoverdocumentmediaupdate",
    "pk": 8,
    "fields": {
      "package_handover_document_media": 1,
      "user": 1,
      "company": 1,
      "comment": "Comment",
      "old_data": {
        "status": "contested"
      },
      "new_data": {
        "status": "requesting_approval"
      },
      "created_at": "2020-07-27T12:21:16.129Z",
      "updated_at": "2020-07-30T12:21:16.129Z"
    }
  },
  {
    "model": "api.packagehandoverdocumentmediaupdate",
    "pk": 9,
    "fields": {
      "package_handover_document_media": 1,
      "user": 1,
      "company": 1,
      "comment": "Comment",
      "old_data": {
        "status": "requesting_approval"
      },
      "new_data": {
        "status": "accepted"
      },
      "created_at": "2020-07-28T12:21:16.129Z",
      "updated_at": "2020-07-30T12:21:16.129Z"
    }
  },
  {
    "model": "api.packagehandoverdocumentmediaupdate",
    "pk": 10,
    "fields": {
      "package_handover_document_media": 1,
      "user": 1,
      "company": 1,
      "comment": "Comment",
      "old_data": {},
      "new_data": {
        "status": "in_progress",
        "media": 1
      },
      "created_at": "2020-07-29T12:21:16.129Z",
      "updated_at": "2020-07-30T12:21:16.129Z"
    }
  },
  {
    "model": "api.packagehandoverdocumentmediaupdate",
    "pk": 11,
    "fields": {
      "package_handover_document_media": 1,
      "user": 2,
      "company": 2,
      "comment": "Comment",
      "old_data": {
        "status": "in_progress",
        "media": 1
      },
      "new_data": {
        "status": "in_progress",
        "media": 2
      },
      "created_at": "2020-07-30T12:22:16.129Z",
      "updated_at": "2020-07-30T12:22:16.129Z"
    }
  },
  {
    "model": "api.packagehandoverdocumentmediaupdate",
    "pk": 12,
    "fields": {
      "package_handover_document_media": 13,
      "user": 9,
      "company": 4,
      "comment": "Comment",
      "old_data": {},
      "new_data": {
        "status": "in_progress",
        "media": 1
      },
      "created_at": "2020-07-20T12:21:16.129Z",
      "updated_at": "2020-07-30T12:21:16.129Z"
    }
  },
  {
    "model": "api.packagehandoverdocumentmediaupdate",
    "pk": 13,
    "fields": {
      "package_handover_document_media": 14,
      "user": 14,
      "company": 4,
      "comment": "Comment",
      "old_data": {},
      "new_data": {
        "status": "in_progress",
        "media": 1
      },
      "created_at": "2020-07-20T12:21:16.129Z",
      "updated_at": "2020-07-30T12:21:16.129Z"
    }
  },{
    "model": "api.packagehandoverdocumentmediaupdate",
    "pk": 14,
    "fields": {
      "package_handover_document_media": 15,
      "user": 15,
      "company": 1,
      "comment": "Comment",
      "old_data": {},
      "new_data": {
        "status": "in_progress",
        "media": 1
      },
      "created_at": "2020-07-20T12:21:16.129Z",
      "updated_at": "2020-07-30T12:21:16.129Z"
    }
  },
  {
    "model": "api.packagehandoverdocumentmediaupdate",
    "pk": 15,
    "fields": {
      "package_handover_document_media": 7,
      "user": 15,
      "company": 1,
      "comment": "Comment",
      "old_data": {},
      "new_data": {
        "status": "contested",
        "media": 1
      },
      "created_at": "2020-07-20T12:21:16.129Z",
      "updated_at": "2020-07-30T12:21:16.129Z"
    }
  },
  {
    "model": "api.packagehandoverdocumentmediaupdate",
    "pk": 16,
    "fields": {
      "package_handover_document_media": 8,
      "user": 15,
      "company": 1,
      "comment": "Comment",
      "old_data": {},
      "new_data": {
        "status": "requested_approval_rejected",
        "media": 1
      },
      "created_at": "2020-07-20T12:21:16.129Z",
      "updated_at": "2020-07-30T12:21:16.129Z"
    }
  },
  {
    "model": "api.packagehandoverdocumentmediaupdate",
    "pk": 17,
    "fields": {
      "package_handover_document_media": 9,
      "user": 15,
      "company": 1,
      "comment": "Comment",
      "old_data": {},
      "new_data": {
        "status": "in_progress",
        "media": 1
      },
      "created_at": "2020-07-20T12:21:16.129Z",
      "updated_at": "2020-07-30T12:21:16.129Z"
    }
  },
  {
    "model": "api.packagehandoverdocumentmediaupdate",
    "pk": 18,
    "fields": {
      "package_handover_document_media": 10,
      "user": 15,
      "company": 1,
      "comment": "Comment",
      "old_data": {},
      "new_data": {
        "status": "in_progress",
        "media": 1
      },
      "created_at": "2020-07-20T12:21:16.129Z",
      "updated_at": "2020-07-30T12:21:16.129Z"
    }
  },
  {
    "model": "api.packagehandoverdocumentmediaupdate",
    "pk": 19,
    "fields": {
      "package_handover_document_media": 11,
      "user": 15,
      "company": 1,
      "comment": "Comment",
      "old_data": {},
      "new_data": {
        "status": "in_progress",
        "media": 1
      },
      "created_at": "2020-07-20T12:21:16.129Z",
      "updated_at": "2020-07-30T12:21:16.129Z"
    }
  },
  {
    "model": "api.packagehandoverdocumentmediaupdate",
    "pk": 20,
    "fields": {
      "package_handover_document_media": 12,
      "user": 15,
      "company": 1,
      "comment": "Comment",
      "old_data": {},
      "new_data": {
        "status": "in_progress",
        "media": 1
      },
      "created_at": "2020-07-20T12:21:16.129Z",
      "updated_at": "2020-07-30T12:21:16.129Z"
    }
  }
]