[
  {
    "model": "api.company",
    "pk": 1,
    "fields": {
      "name": "Dodge",
      "created_at": "2020-07-30T12:21:16.129Z",
      "updated_at": "2020-07-30T12:21:16.129Z"
    }
  },
  {
    "model": "api.company",
    "pk": 2,
    "fields": {
      "name": "Ford",
      "created_at": "2020-07-30T12:21:16.129Z",
      "updated_at": "2020-07-30T12:21:16.129Z"
    }
  },
  {
    "model": "api.company",
    "pk": 3,
    "fields": {
      "name": "Toyota",
      "created_at": "2020-07-30T12:21:16.129Z",
      "updated_at": "2020-07-30T12:21:16.129Z"
    }
  },
  {
    "model": "api.user",
    "pk": 1,
    "fields": {
      "password": "bcrypt_sha256$$2b$12$bmj11SqWnZE1CpgbqqT0.OPXBKGMzTVyLsDWsBe3dRoxlCtN2sP9i",
      "last_login": null,
      "is_superuser": true,
      "first_name": "Bradwood",
      "last_name": "Feat",
      "is_staff": true,
      "is_active": true,
      "date_joined": "2020-07-30T12:21:16.129Z",
      "email": "cool.brad@gmail.com",
      "company": 1,
      "phone": "+41524204242",
      "position": "Cool Brad",
      "group": 1,
      "groups": [
        1
      ],
      "created_at": "2020-07-30T12:21:16.129Z",
      "updated_at": "2020-07-30T12:21:16.129Z"
    }
  },
  {
    "model": "api.user",
    "pk": 2,
    "fields": {
      "password": "bcrypt_sha256$$2b$12$bmj11SqWnZE1CpgbqqT0.OPXBKGMzTVyLsDWsBe3dRoxlCtN2sP9i",
      "last_login": null,
      "is_superuser": false,
      "first_name": "Brad",
      "last_name": "Seatwood",
      "is_staff": true,
      "is_active": true,
      "date_joined": "2020-07-30T12:21:16.129Z",
      "email": "cool.brad+1@gmail.com",
      "company": 2,
      "phone": "+41524204242",
      "position": "Cool Brad",
      "group": 3,
      "groups": [
        3
      ],
      "created_at": "2020-07-30T12:21:16.129Z",
      "updated_at": "2020-07-30T12:21:16.129Z"
    }
  },
  {
    "model": "api.user",
    "pk": 3,
    "fields": {
      "password": "bcrypt_sha256$$2b$12$bmj11SqWnZE1CpgbqqT0.OPXBKGMzTVyLsDWsBe3dRoxlCtN2sP9i",
      "last_login": null,
      "is_superuser": false,
      "first_name": "Brad",
      "last_name": "Heat",
      "is_staff": true,
      "is_active": true,
      "date_joined": "2020-07-30T12:21:16.129Z",
      "email": "cool.brad+2wood@gmail.com",
      "company": 3,
      "phone": "+41524204242",
      "position": "Cool Brad",
      "group": 2,
      "groups": [
        2
      ],
      "created_at": "2020-07-30T12:21:16.129Z",
      "updated_at": "2020-07-30T12:21:16.129Z"
    }
  },
  {
    "model": "api.user",
    "pk": 4,
    "fields": {
      "password": "bcrypt_sha256$$2b$12$bmj11SqWnZE1CpgbqqT0.OPXBKGMzTVyLsDWsBe3dRoxlCtN2sP9i",
      "last_login": null,
      "is_superuser": false,
      "first_name": "Awesome",
      "last_name": "Subcontractor",
      "is_staff": false,
      "is_active": true,
      "date_joined": "2020-07-30T12:21:16.129Z",
      "email": "cool.subcontractor@gmail.com",
      "company": 2,
      "phone": "+41524904241",
      "position": "subcontractor",
      "group": 4,
      "groups": [
        4
      ],
      "created_at": "2020-07-30T12:21:16.129Z",
      "updated_at": "2020-07-30T12:21:16.129Z"
    }
  },
  {
    "model": "api.user",
    "pk": 5,
    "fields": {
      "password": "bcrypt_sha256$$2b$12$bmj11SqWnZE1CpgbqqT0.OPXBKGMzTVyLsDWsBe3dRoxlCtN2sP9i",
      "last_login": null,
      "is_superuser": false,
      "first_name": "Awesome",
      "last_name": "Client",
      "is_staff": false,
      "is_active": true,
      "date_joined": "2020-07-30T12:21:16.129Z",
      "email": "cool.client@gmail.com",
      "company": 2,
      "phone": "+41524904241",
      "position": "client",
      "group": 5,
      "groups": [
        5
      ],
      "created_at": "2020-07-30T12:21:16.129Z",
      "updated_at": "2020-07-30T12:21:16.129Z"
    }
  },
  {
    "model": "api.user",
    "pk": 6,
    "fields": {
      "password": "bcrypt_sha256$$2b$12$bmj11SqWnZE1CpgbqqT0.OPXBKGMzTVyLsDWsBe3dRoxlCtN2sP9i",
      "last_login": null,
      "is_superuser": false,
      "first_name": "Awesome",
      "last_name": "Consultant",
      "is_staff": false,
      "is_active": true,
      "date_joined": "2020-07-30T12:21:16.129Z",
      "email": "cool.consultant@gmail.com",
      "company": 2,
      "phone": "+41524904241",
      "position": "consultant",
      "group": 6,
      "groups": [
        6
      ],
      "created_at": "2020-07-30T12:21:16.129Z",
      "updated_at": "2020-07-30T12:21:16.129Z"
    }
  },
  {
    "model": "api.user",
    "pk": 7,
    "fields": {
      "password": "bcrypt_sha256$$2b$12$bmj11SqWnZE1CpgbqqT0.OPXBKGMzTVyLsDWsBe3dRoxlCtN2sP9i",
      "last_login": null,
      "is_superuser": false,
      "first_name": "Paw",
      "last_name": "Client",
      "is_staff": false,
      "is_active": true,
      "date_joined": "2020-07-30T12:21:16.129Z",
      "email": "paw.client@gmail.com",
      "company": 3,
      "phone": "+41524904241",
      "position": "client",
      "group": 5,
      "groups": [
        5
      ],
      "created_at": "2020-07-30T12:21:16.129Z",
      "updated_at": "2020-07-30T12:21:16.129Z"
    }
  },
  {
    "model": "api.user",
    "pk": 8,
    "fields": {
      "password": "bcrypt_sha256$$2b$12$bmj11SqWnZE1CpgbqqT0.OPXBKGMzTVyLsDWsBe3dRoxlCtN2sP9i",
      "last_login": null,
      "is_superuser": false,
      "first_name": "Paw",
      "last_name": "Subcontractor",
      "is_staff": false,
      "is_active": true,
      "date_joined": "2020-07-30T12:21:16.129Z",
      "email": "paw.subcotrnactor@gmail.com",
      "company": 3,
      "phone": "+41524904241",
      "position": "subcontractor",
      "group": 4,
      "groups": [
        4
      ],
      "created_at": "2020-07-30T12:21:16.129Z",
      "updated_at": "2020-07-30T12:21:16.129Z"
    }
  },
  {
    "model": "api.user",
    "pk": 9,
    "fields": {
      "password": "bcrypt_sha256$$2b$12$bmj11SqWnZE1CpgbqqT0.OPXBKGMzTVyLsDWsBe3dRoxlCtN2sP9i",
      "last_login": null,
      "is_superuser": false,
      "first_name": "Paw",
      "last_name": "Consultant",
      "is_staff": false,
      "is_active": true,
      "date_joined": "2020-07-30T12:21:16.129Z",
      "email": "paw.consultant@gmail.com",
      "company": 3,
      "phone": "+41524904241",
      "position": "consultant",
      "group": 6,
      "groups": [
        6
      ],
      "created_at": "2020-07-30T12:21:16.129Z",
      "updated_at": "2020-07-30T12:21:16.129Z"
    }
  },
  {
    "model": "api.media",
    "pk": 1,
    "fields": {
      "name": "troom.png",
      "link": "troom.png",
      "created_at": "2020-07-30T12:21:16.129Z",
      "updated_at": "2020-07-30T12:21:16.129Z"
    }
  },
  {
    "model": "api.media",
    "pk": 2,
    "fields": {
      "name": "broom.png",
      "link": "broom.png",
      "created_at": "2020-07-30T12:21:16.129Z",
      "updated_at": "2020-07-30T12:21:16.129Z"
    }
  },
  {
    "model": "api.media",
    "pk": 3,
    "fields": {
      "name": "kroom.png",
      "link": "kroom.png",
      "created_at": "2020-07-30T12:21:16.129Z",
      "updated_at": "2020-07-30T12:21:16.129Z"
    }
  },
  {
    "model": "api.packageactivity",
    "pk": 1,
    "fields": {
      "name": "First package activity",
      "created_at": "2020-07-30T12:21:16.129Z",
      "updated_at": "2020-07-30T12:21:16.129Z",
      "files": [
        1,
        2
      ]
    }
  },
  {
    "model": "api.packageactivity",
    "pk": 2,
    "fields": {
      "name": "Second package activity",
      "created_at": "2020-07-30T12:21:16.129Z",
      "updated_at": "2020-07-30T12:21:16.129Z"
    }
  },
  {
    "model": "api.packageactivity",
    "pk": 3,
    "fields": {
      "name": "Third package activity",
      "created_at": "2020-07-30T12:21:16.129Z",
      "updated_at": "2020-07-30T12:21:16.129Z"
    }
  },
  {
    "model": "api.packageactivity",
    "pk": 4,
    "fields": {
      "name": "Fourth package activity",
      "created_at": "2020-07-30T12:21:16.129Z",
      "updated_at": "2020-07-30T12:21:16.129Z"
    }
  },
  {
    "model": "api.packageactivity",
    "pk": 5,
    "fields": {
      "name": "Fifth package activity",
      "created_at": "2020-07-30T12:21:16.129Z",
      "updated_at": "2020-07-30T12:21:16.129Z"
    }
  },
  {
    "model": "api.packageactivity",
    "pk": 6,
    "fields": {
      "name": "Sixth package activity",
      "created_at": "2020-07-30T12:21:16.129Z",
      "updated_at": "2020-07-30T12:21:16.129Z"
    }
  },
  {
    "model": "api.packageactivity",
    "pk": 7,
    "fields": {
      "name": "Seventh package activity",
      "description": "Eight package activity description",
      "description_image": 1,
      "created_at": "2020-07-30T12:21:16.129Z",
      "updated_at": "2020-07-30T12:21:16.129Z"
    }
  },
  {
    "model": "api.packageactivity",
    "pk": 8,
    "fields": {
      "name": "Eight package activity",
      "created_at": "2020-07-30T12:21:16.129Z",
      "updated_at": "2020-07-30T12:21:16.129Z",
      "deleted": "2020-07-30T12:21:16.129Z"
    }
  },
  {
    "model": "api.packageactivitytask",
    "pk": 1,
    "fields": {
      "description": "First desc",
      "created_at": "2020-07-30T12:21:16.129Z",
      "updated_at": "2020-07-30T12:21:16.129Z",
      "package_activity": 1,
      "order": 2
    }
  },
  {
    "model": "api.packageactivitytask",
    "pk": 2,
    "fields": {
      "description": "Second desc",
      "created_at": "2020-07-30T12:21:16.129Z",
      "updated_at": "2020-07-30T12:21:16.129Z",
      "package_activity": 1,
      "is_default_for_subtask": true,
      "order": 3
    }
  },
  {
    "model": "api.packageactivitytask",
    "pk": 3,
    "fields": {
      "description": "Third desc",
      "is_not_applicable_status_by_default": false,
      "created_at": "2020-07-30T12:21:16.129Z",
      "updated_at": "2020-07-30T12:21:16.129Z",
      "package_activity": 2
    }
  },
  {
    "model": "api.packageactivitytask",
    "pk": 4,
    "fields": {
      "description": "Fourth desc",
      "is_not_applicable_status_by_default": false,
      "created_at": "2020-07-30T12:21:16.129Z",
      "updated_at": "2020-07-30T12:21:16.129Z",
      "package_activity": 1
    }
  },
  {
    "model": "api.media",
    "pk": 5,
    "fields": {
      "name": "kroom.png",
      "link": "kroom.png",
      "created_at": "2020-07-30T12:21:16.129Z",
      "updated_at": "2020-07-30T12:21:16.129Z"
    }
  },
  {
    "model": "api.media",
    "pk": 6,
    "fields": {
      "name": "lroom.png",
      "link": "lroom.png",
      "created_at": "2020-07-30T12:21:16.129Z",
      "updated_at": "2020-07-30T12:21:16.129Z"
    }
  },
  {
    "model": "api.package",
    "pk": 1,
    "fields": {
      "name": "First package",
      "order": 1,
      "created_at": "2020-07-30T12:21:16.129Z",
      "updated_at": "2020-07-30T12:21:16.129Z"
    }
  },
  {
    "model": "api.package",
    "pk": 2,
    "fields": {
      "name": "Second package",
      "order": 2,
      "created_at": "2020-07-30T12:21:16.129Z",
      "updated_at": "2020-07-30T12:21:16.129Z"
    }
  },
  {
    "model": "api.package",
    "pk": 3,
    "fields": {
      "name": "Third package",
      "order": 3,
      "created_at": "2020-07-30T12:21:16.129Z",
      "updated_at": "2020-07-30T12:21:16.129Z"
    }
  },
  {
    "model": "api.package",
    "pk": 4,
    "fields": {
      "name": "Fourth package",
      "order": 5,
      "created_at": "2020-07-30T12:21:16.129Z",
      "updated_at": "2020-07-30T12:21:16.129Z"
    }
  },
  {
    "model": "api.project",
    "pk": 5,
    "fields": {
      "name": "Project 5",
      "number": "y356ywrtwe",
      "status": "archived",
      "show_estimated_man_hours": true,
      "image": 5,
      "start_date": "2020-07-30",
      "completion_date": "2020-08-30",
      "value": 123765.11,
      "value_currency": "USD",
      "created_at": "2020-07-30T12:21:16.129Z",
      "updated_at": "2020-07-30T12:21:16.129Z",
      "users": [
        2,
        4,
        5,
        6
      ]
    }
  },
  {
    "model": "api.project",
    "pk": 6,
    "fields": {
      "name": "Project 6",
      "number": "fg2645y4tf",
      "status": "tendering",
      "show_estimated_man_hours": true,
      "image": 6,
      "start_date": "2020-07-30",
      "completion_date": "2020-08-30",
      "value": 34551.43,
      "value_currency": "USD",
      "created_at": "2020-07-30T12:21:16.129Z",
      "updated_at": "2020-07-30T12:21:16.129Z",
      "users": [
        3
      ]
    }
  },
  {
    "model": "api.project",
    "pk": 7,
    "fields": {
      "name": "Project 7",
      "number": "fg2645y4tf123",
      "status": "tendering",
      "show_estimated_man_hours": true,
      "image": 6,
      "start_date": "2020-07-30",
      "completion_date": "2020-08-30",
      "value": 34551.43,
      "value_currency": "USD",
      "created_at": "2020-07-30T12:21:16.129Z",
      "updated_at": "2020-07-30T12:21:16.129Z",
      "is_task_visible_for_clients": false,
      "users": [
        3,
        5,
        6
      ]
    }
  },
  {
    "model": "api.packagematrix",
    "pk": 1,
    "fields": {
      "project": 6,
      "package": 4,
      "package_activity": 1,
      "created_at": "2020-07-30T12:21:16.129Z",
      "updated_at": "2020-07-30T12:21:16.129Z"
    }
  },
  {
    "model": "api.packagematrix",
    "pk": 2,
    "fields": {
      "project": 5,
      "package": 4,
      "package_activity": 2,
      "created_at": "2020-07-30T12:21:16.129Z",
      "updated_at": "2020-07-30T12:21:16.129Z"
    }
  },
  {
    "model": "api.packagematrix",
    "pk": 3,
    "fields": {
      "project": 5,
      "package": 4,
      "package_activity": 3,
      "created_at": "2020-07-30T12:21:16.129Z",
      "updated_at": "2020-07-30T12:21:16.129Z"
    }
  },
  {
    "model": "api.packagematrix",
    "pk": 4,
    "fields": {
      "project": 5,
      "package": 3,
      "package_activity": 4,
      "created_at": "2020-07-30T12:21:16.129Z",
      "updated_at": "2020-07-30T12:21:16.129Z"
    }
  },
  {
    "model": "api.packagematrix",
    "pk": 5,
    "fields": {
      "project": 5,
      "package": 3,
      "package_activity": 1,
      "created_at": "2020-07-30T12:21:16.129Z",
      "updated_at": "2020-07-30T12:21:16.129Z"
    }
  },
  {
    "model": "api.packagematrix",
    "pk": 6,
    "fields": {
      "project": 5,
      "package": 3,
      "package_activity": 5,
      "created_at": "2020-07-30T12:21:16.129Z",
      "updated_at": "2020-07-30T12:21:16.129Z",
      "deleted": "2020-07-30T12:21:16.129Z"
    }
  },
  {
    "model": "api.packagematrix",
    "pk": 7,
    "fields": {
      "project": 6,
      "package": 3,
      "package_activity": 7,
      "created_at": "2020-07-30T12:21:16.129Z",
      "updated_at": "2020-07-30T12:21:16.129Z",
      "deleted": "2020-07-30T12:21:16.129Z"
    }
  },
  {
    "model": "api.packagematrix",
    "pk": 8,
    "fields": {
      "project": 5,
      "package": 4,
      "package_activity": 5,
      "created_at": "2020-07-30T12:21:16.129Z",
      "updated_at": "2020-07-30T12:21:16.129Z"
    }
  },
  {
    "model": "api.packagematrixcompany",
    "pk": 1,
    "fields": {
      "package_matrix": 5,
      "company": 2,
      "created_at": "2020-07-30T12:21:16.129Z",
      "updated_at": "2020-07-30T12:21:16.129Z"
    }
  },
  {
    "model": "api.packagematrixcompany",
    "pk": 2,
    "fields": {
      "package_matrix": 4,
      "company": 2,
      "created_at": "2020-07-30T12:21:16.129Z",
      "updated_at": "2020-07-30T12:21:16.129Z"
    }
  },
  {
    "model": "api.packagematrixcompany",
    "pk": 3,
    "fields": {
      "package_matrix": 3,
      "company": 1,
      "created_at": "2020-07-30T12:21:16.129Z",
      "updated_at": "2020-07-30T12:21:16.129Z"
    }
  },
  {
    "model": "api.packagematrixhiddenactivitytask",
    "pk": 1,
    "fields": {
      "package_matrix": 1,
      "package_activity_task": 2,
      "created_at": "2020-07-30T12:21:16.129Z",
      "updated_at": "2020-07-30T12:21:16.129Z"
    }
  },
  {
    "model": "api.packagematrixhiddenactivitytask",
    "pk": 2,
    "fields": {
      "package_matrix": 2,
      "package_activity_task": 3,
      "created_at": "2020-07-30T12:21:16.129Z",
      "updated_at": "2020-07-30T12:21:16.129Z"
    }
  },
  {
    "model": "api.editmode",
    "pk": 1,
    "fields": {
      "project": 7,
      "user": 1,
      "created_at": "2020-07-30T12:21:16.129Z",
      "updated_at": "2020-07-30T12:21:16.129Z"
    }
  },
  {
    "model": "api.editmode",
    "pk": 2,
    "fields": {
      "project": 5,
      "user": 1,
      "created_at": "2020-07-30T12:21:16.129Z",
      "updated_at": "2020-07-30T12:21:16.129Z"
    }
  },
  {
    "model": "api.locationmatrix",
    "pk": 1,
    "fields": {
      "project": 5,
      "building": "Building A",
      "level": "A",
      "area": "Hall",
      "created_at": "2020-07-30T12:21:16.129Z",
      "updated_at": "2020-07-30T12:21:16.129Z"
    }
  },
  {
    "model": "api.locationmatrix",
    "pk": 2,
    "fields": {
      "project": 5,
      "building": "Building A",
      "level": "A",
      "area": "Meeting room",
      "created_at": "2020-07-30T12:21:16.129Z",
      "updated_at": "2020-07-30T12:21:16.129Z"
    }
  },
  {
    "model": "api.locationmatrix",
    "pk": 3,
    "fields": {
      "project": 5,
      "building": "Building A",
      "level": "B",
      "area": "Hall",
      "created_at": "2020-07-30T12:21:16.129Z",
      "updated_at": "2020-07-30T12:21:16.129Z"
    }
  },
  {
    "model": "api.locationmatrix",
    "pk": 4,
    "fields": {
      "project": 6,
      "building": "Building A",
      "level": "A",
      "area": "Hall",
      "created_at": "2020-07-30T12:21:16.129Z",
      "updated_at": "2020-07-30T12:21:16.129Z"
    }
  },
  {
    "model": "api.locationmatrix",
    "pk": 5,
    "fields": {
      "project": 5,
      "building": "Building D",
      "level": "A",
      "area": "Hall",
      "created_at": "2020-07-30T12:21:16.129Z",
      "updated_at": "2020-07-30T12:21:16.129Z"
    }
  },
  {
    "model": "api.locationmatrix",
    "pk": 6,
    "fields": {
      "project": 6,
      "building": "Building A",
      "level": "R",
      "area": "Kitchen",
      "created_at": "2020-07-30T12:21:16.129Z",
      "updated_at": "2020-07-30T12:21:16.129Z"
    }
  },
  {
    "model": "api.locationmatrix",
    "pk": 7,
    "fields": {
      "project": 5,
      "building": "Building F",
      "level": "-3",
      "area": "Group",
      "created_at": "2020-07-30T12:21:16.129Z",
      "updated_at": "2020-07-30T12:21:16.129Z"
    }
  },
  {
    "model": "api.locationmatrix",
    "pk": 8,
    "fields": {
      "project": 5,
      "building": "Building G",
      "level": "-3",
      "area": "Group",
      "created_at": "2020-07-30T12:21:16.129Z",
      "updated_at": "2020-07-30T12:21:16.129Z"
    }
  },
  {
    "model": "api.locationmatrix",
    "pk": 9,
    "fields": {
      "project": 5,
      "building": "Building H",
      "level": "-3",
      "area": "Group",
      "created_at": "2020-07-30T12:21:16.129Z",
      "updated_at": "2020-07-30T12:21:16.129Z"
    }
  },
  {
    "model": "api.locationmatrix",
    "pk": 10,
    "fields": {
      "project": 5,
      "building": "Building I",
      "level": "-3",
      "area": "Group",
      "created_at": "2020-07-30T12:21:16.129Z",
      "updated_at": "2020-07-30T12:21:16.129Z"
    }
  },
  {
    "model": "api.locationmatrix",
    "pk": 11,
    "fields": {
      "project": 5,
      "building": "Building J",
      "level": "-3",
      "area": "Group",
      "created_at": "2020-07-30T12:21:16.129Z",
      "updated_at": "2020-07-30T12:21:16.129Z"
    }
  },
  {
    "model": "api.locationmatrixpackage",
    "pk": 1,
    "fields": {
      "location_matrix": 1,
      "package_matrix": 2,
      "enabled": true,
      "media": [
        1,
        2
      ],
      "package": 4,
      "package_activity": 2,
      "package_activity_name": "Second package activity",
      "created_at": "2020-07-30T12:21:16.129Z",
      "updated_at": "2020-07-30T12:21:16.129Z"
    }
  },
  {
    "model": "api.locationmatrixpackage",
    "pk": 2,
    "fields": {
      "location_matrix": 1,
      "package_matrix": 3,
      "enabled": false,
      "media": [
        1,
        2
      ],
      "package": 4,
      "package_activity": 3,
      "package_activity_name": "Third package activity",
      "created_at": "2020-07-30T12:21:16.129Z",
      "updated_at": "2020-07-30T12:21:16.129Z"
    }
  },
  {
    "model": "api.locationmatrixpackage",
    "pk": 3,
    "fields": {
      "location_matrix": 1,
      "package_matrix": 4,
      "enabled": true,
      "media": [
        1,
        2
      ],
      "package": 3,
      "package_activity": 4,
      "package_activity_name": "Fourth package activity",
      "created_at": "2020-07-30T12:21:16.129Z",
      "updated_at": "2020-07-30T12:21:16.129Z"
    }
  },
  {
    "model": "api.locationmatrixpackage",
    "pk": 4,
    "fields": {
      "location_matrix": 1,
      "package_matrix": 5,
      "enabled": true,
      "media": [
        1,
        2
      ],
      "package": 4,
      "package_activity": 1,
      "package_activity_name": "First package activity",
      "created_at": "2020-07-30T12:21:16.129Z",
      "updated_at": "2020-07-30T12:21:16.129Z"
    }
  },
  {
    "model": "api.locationmatrixpackage",
    "pk": 5,
    "fields": {
      "location_matrix": 2,
      "package_matrix": 2,
      "enabled": false,
      "media": [
        1,
        2
      ],
      "package": 4,
      "package_activity": 2,
      "package_activity_name": "Second package activity",
      "created_at": "2020-07-30T12:21:16.129Z",
      "updated_at": "2020-07-30T12:21:16.129Z"
    }
  },
  {
    "model": "api.locationmatrixpackage",
    "pk": 6,
    "fields": {
      "location_matrix": 2,
      "package_matrix": 3,
      "enabled": true,
      "media": [
        1,
        2
      ],
      "package": 4,
      "package_activity": 3,
      "package_activity_name": "Third package activity",
      "created_at": "2020-07-30T12:21:16.129Z",
      "updated_at": "2020-07-30T12:21:16.129Z"
    }
  },
  {
    "model": "api.locationmatrixpackage",
    "pk": 7,
    "fields": {
      "location_matrix": 7,
      "package_matrix": 2,
      "enabled": true,
      "package": 4,
      "package_activity": 2,
      "package_activity_name": "Second package activity",
      "created_at": "2020-07-30T12:21:16.129Z",
      "updated_at": "2020-07-30T12:21:16.129Z"
    }
  },
  {
    "model": "api.locationmatrixpackage",
    "pk": 8,
    "fields": {
      "location_matrix": 8,
      "package_matrix": 3,
      "enabled": true,
      "package": 4,
      "package_activity": 3,
      "package_activity_name": "Third package activity",
      "created_at": "2020-07-30T12:21:16.129Z",
      "updated_at": "2020-07-30T12:21:16.129Z"
    }
  },
  {
    "model": "api.locationmatrixpackage",
    "pk": 9,
    "fields": {
      "location_matrix": 9,
      "package_matrix": 4,
      "enabled": true,
      "package": 3,
      "package_activity": 4,
      "package_activity_name": "Fourth package activity",
      "created_at": "2020-07-30T12:21:16.129Z",
      "updated_at": "2020-07-30T12:21:16.129Z"
    }
  },
  {
    "model": "api.locationmatrixpackage",
    "pk": 10,
    "fields": {
      "location_matrix": 10,
      "package_matrix": 5,
      "enabled": true,
      "package": 4,
      "package_activity": 1,
      "package_activity_name": "First package activity",
      "created_at": "2020-07-30T12:21:16.129Z",
      "updated_at": "2020-07-30T12:21:16.129Z"
    }
  },
  {
    "model": "api.locationmatrixpackage",
    "pk": 11,
    "fields": {
      "location_matrix": 11,
      "package_matrix": 8,
      "enabled": true,
      "package": 4,
      "package_activity": 5,
      "package_activity_name": "Fifth package activity",
      "created_at": "2020-07-30T12:21:16.129Z",
      "updated_at": "2020-07-30T12:21:16.129Z"
    }
  },
  {
    "model": "api.task",
    "pk": 1,
    "fields": {
      "location_matrix": 1,
      "package_activity": 1,
      "package_activity_task": 2,
      "status": "accepted",
      "user": 2,
      "date_of_approval": "2020-07-30T12:21:16.129Z",
      "created_at": "2020-07-30T12:21:16.129Z",
      "updated_at": "2020-07-30T12:21:16.129Z",
      "deleted": "2020-07-30T12:21:16.129Z"
    }
  },
  {
    "model": "api.task",
    "pk": 2,
    "fields": {
      "location_matrix": 1,
      "package_activity": 1,
      "package_activity_task": 4,
      "status": "not_applicable",
      "user": 2,
      "created_at": "2020-07-30T12:21:16.129Z",
      "updated_at": "2020-07-30T12:21:16.129Z"
    }
  },
  {
    "model": "api.taskupdate",
    "pk": 1,
    "fields": {
      "task": 1,
      "comment": "test comment!",
      "old_data": {
        "status": "outstanding"
      },
      "new_data": {
        "status": "accepted"
      },
      "user": 1,
      "created_at": "2020-07-30T12:21:16.129Z",
      "updated_at": "2020-07-30T12:21:16.129Z"
    }
  },
  {
    "model": "api.taskupdate",
    "pk": 2,
    "fields": {
      "task": 1,
      "comment": "test comment2!",
      "old_data": {
        "status": "outstanding"
      },
      "new_data": {
        "status": "accepted"
      },
      "user": 1,
      "created_at": "2020-06-30T12:21:16.129Z",
      "updated_at": "2020-06-30T12:21:16.129Z"
    }
  },
  {
    "model": "api.taskupdate",
    "pk": 3,
    "fields": {
      "task": 2,
      "comment": "test comment2!",
      "old_data": {
        "status": "outstanding"
      },
      "new_data": {
        "status": "accepted"
      },
      "user": 1,
      "created_at": "2020-06-30T12:21:16.129Z",
      "updated_at": "2020-06-30T12:21:16.129Z"
    }
  },
  {
    "model": "api.packagehandoverdocument",
    "pk": 1,
    "fields": {
      "package_handover": 1,
      "package_handover_document_type": 1,
      "number_required_files": 5,
      "package_activity": 3,
      "project": 5,
      "created_at": "2020-07-30T12:21:16.129Z",
      "updated_at": "2020-07-30T12:21:16.129Z"
    }
  },
  {
    "model": "api.packagehandoverdocument",
    "pk": 2,
    "fields": {
      "package_handover": 1,
      "package_handover_document_type": 9,
      "number_required_files": 5,
      "package_activity": 3,
      "project": 5,
      "created_at": "2020-07-30T12:21:16.129Z",
      "updated_at": "2020-07-30T12:21:16.129Z"
    }
  },
  {
    "model": "api.packagehandoverdocument",
    "pk": 3,
    "fields": {
      "package_handover": 1,
      "package_handover_document_type": 16,
      "number_required_files": 5,
      "package_activity": 3,
      "project": 5,
      "created_at": "2020-07-30T12:21:16.129Z",
      "updated_at": "2020-07-30T12:21:16.129Z"
    }
  },
  {
    "model": "api.packagehandoverdocument",
    "pk": 4,
    "fields": {
      "package_handover": 2,
      "package_handover_document_type": 1,
      "number_required_files": 5,
      "package_activity": 4,
      "project": 5,
      "created_at": "2020-07-30T12:21:16.129Z",
      "updated_at": "2020-07-30T12:21:16.129Z"
    }
  },
  {
    "model": "api.packagehandoverdocument",
    "pk": 5,
    "fields": {
      "package_handover": 2,
      "package_handover_document_type": 9,
      "number_required_files": 5,
      "package_activity": 4,
      "project": 5,
      "created_at": "2020-07-30T12:21:16.129Z",
      "updated_at": "2020-07-30T12:21:16.129Z"
    }
  },
  {
    "model": "api.packagehandover",
    "pk": 1,
    "fields": {
      "package_matrix": 3,
      "inspection_period": null,
      "maintenance_period": null,
      "created_at": "2020-07-30T12:21:16.129Z",
      "updated_at": "2020-07-30T12:21:16.129Z"
    }
  },
  {
    "model": "api.packagehandover",
    "pk": 2,
    "fields": {
      "package_matrix": 4,
      "inspection_period": 1,
      "maintenance_period": 3,
      "created_at": "2020-07-30T12:21:16.129Z",
      "updated_at": "2020-07-30T12:21:16.129Z"
    }
  },
  {
    "model": "api.assethandover",
    "pk": 1,
    "fields": {
      "location_matrix": 7,
      "package_activity": 1,
      "project": 5,
      "created_at": "2020-07-30T12:21:16.129Z",
      "updated_at": "2020-07-30T12:21:16.129Z"
    }
  },
  {
    "model": "api.assethandover",
    "pk": 2,
    "fields": {
      "location_matrix": 8,
      "package_activity": 2,
      "project": 5,
      "created_at": "2020-07-30T12:21:16.129Z",
      "updated_at": "2020-07-30T12:21:16.129Z",
      "deleted": "2020-07-30T12:21:16.129Z"
    }
  },
  {
    "model": "api.assethandover",
    "pk": 3,
    "fields": {
      "location_matrix": 9,
      "package_activity": 3,
      "project": 5,
      "created_at": "2020-07-30T12:21:16.129Z",
      "updated_at": "2020-07-30T12:21:16.129Z"
    }
  },
  {
    "model": "api.assethandover",
    "pk": 4,
    "fields": {
      "location_matrix": 10,
      "package_activity": 1,
      "project": 5,
      "created_at": "2020-07-30T12:21:16.129Z",
      "updated_at": "2020-07-30T12:21:16.129Z",
      "deleted": "2020-07-30T12:21:16.129Z"
    }
  },
  {
    "model": "api.assethandover",
    "pk": 5,
    "fields": {
      "location_matrix": 11,
      "package_activity": 2,
      "project": 5,
      "created_at": "2020-07-30T12:21:16.129Z",
      "updated_at": "2020-07-30T12:21:16.129Z",
      "deleted": "2020-07-30T12:21:16.129Z"
    }
  },
  {
    "model": "api.assethandoverdocument",
    "pk": 1,
    "fields": {
      "asset_handover": 1,
      "document_type": 1,
      "number_required_files": 0,
      "created_at": "2020-07-30T12:21:16.129Z",
      "updated_at": "2020-07-30T12:21:16.129Z"
    }
  },
  {
    "model": "api.assethandoverdocument",
    "pk": 2,
    "fields": {
      "asset_handover": 1,
      "document_type": 2,
      "number_required_files": 1,
      "created_at": "2020-07-30T12:21:16.129Z",
      "updated_at": "2020-07-30T12:21:16.129Z"
    }
  },
  {
    "model": "api.assethandoverdocument",
    "pk": 3,
    "fields": {
      "asset_handover": 2,
      "document_type": 1,
      "number_required_files": 2,
      "created_at": "2020-07-30T12:21:16.129Z",
      "updated_at": "2020-07-30T12:21:16.129Z",
      "deleted": "2020-07-30T12:21:16.129Z"
    }
  },
  {
    "model": "api.assethandoverdocument",
    "pk": 4,
    "fields": {
      "asset_handover": 2,
      "document_type": 2,
      "number_required_files": 3,
      "created_at": "2020-07-30T12:21:16.129Z",
      "updated_at": "2020-07-30T12:21:16.129Z",
      "deleted": "2020-07-30T12:21:16.129Z"
    }
  },
  {
    "model": "api.assethandoverdocument",
    "pk": 5,
    "fields": {
      "asset_handover": 3,
      "document_type": 1,
      "number_required_files": 4,
      "created_at": "2020-07-30T12:21:16.129Z",
      "updated_at": "2020-07-30T12:21:16.129Z"
    }
  },
  {
    "model": "api.assethandoverdocument",
    "pk": 6,
    "fields": {
      "asset_handover": 3,
      "document_type": 2,
      "number_required_files": 5,
      "created_at": "2020-07-30T12:21:16.129Z",
      "updated_at": "2020-07-30T12:21:16.129Z"
    }
  },
  {
    "model": "api.assethandoverdocument",
    "pk": 7,
    "fields": {
      "asset_handover": 4,
      "document_type": 1,
      "number_required_files": 5,
      "created_at": "2020-07-30T12:21:16.129Z",
      "updated_at": "2020-07-30T12:21:16.129Z",
      "deleted": "2020-07-30T12:21:16.129Z"
    }
  },
  {
    "model": "api.assethandoverdocument",
    "pk": 8,
    "fields": {
      "asset_handover": 4,
      "document_type": 2,
      "number_required_files": 5,
      "created_at": "2020-07-30T12:21:16.129Z",
      "updated_at": "2020-07-30T12:21:16.129Z",
      "deleted": "2020-07-30T12:21:16.129Z"
    }
  },
  {
    "model": "api.assethandoverdocument",
    "pk": 9,
    "fields": {
      "asset_handover": 5,
      "document_type": 1,
      "number_required_files": 5,
      "created_at": "2020-07-30T12:21:16.129Z",
      "updated_at": "2020-07-30T12:21:16.129Z",
      "deleted": "2020-07-30T12:21:16.129Z"
    }
  },
  {
    "model": "api.assethandoverdocument",
    "pk": 10,
    "fields": {
      "asset_handover": 5,
      "document_type": 2,
      "number_required_files": 4,
      "created_at": "2020-07-30T12:21:16.129Z",
      "updated_at": "2020-07-30T12:21:16.129Z",
      "deleted": "2020-07-30T12:21:16.129Z"
    }
  },
  {
    "model": "api.assethandoverdocumentmedia",
    "pk": 1,
    "fields": {
      "asset_handover_document": 1,
      "media": 1,
      "status": "contested",
      "uid": "Stranger things",
      "created_at": "2020-07-30T12:21:16.129Z",
      "updated_at": "2020-07-30T12:21:16.129Z"
    }
  },
  {
    "model": "api.assethandoverdocumentmedia",
    "pk": 2,
    "fields": {
      "asset_handover_document": 2,
      "media": 2,
      "status": "requesting_approval",
      "created_at": "2020-07-30T12:21:16.129Z",
      "updated_at": "2020-07-30T12:21:16.129Z"
    }
  },
  {
    "model": "api.assethandoverdocumentmedia",
    "pk": 3,
    "fields": {
      "asset_handover_document": 5,
      "media": 3,
      "status": "accepted",
      "created_at": "2020-07-30T12:21:16.129Z",
      "updated_at": "2020-07-30T12:21:16.129Z"
    }
  },
  {
    "model": "api.assethandoverdocumentmedia",
    "pk": 4,
    "fields": {
      "asset_handover_document": 6,
      "media": 1,
      "status": "in_progress",
      "created_at": "2020-07-30T12:21:16.129Z",
      "updated_at": "2020-07-30T12:21:16.129Z"
    }
  },
  {
    "model": "api.assethandoverdocumentmedia",
    "pk": 5,
    "fields": {
      "asset_handover_document": 7,
      "media": 2,
      "status": "requesting_approval",
      "created_at": "2020-07-30T12:21:16.129Z",
      "updated_at": "2020-07-30T12:21:16.129Z"
    }
  },
  {
    "model": "api.assethandoverdocumentmediaupdate",
    "pk": 1,
    "fields": {
      "asset_handover_document_media": 1,
      "user": 1,
      "company": 1,
      "comment": "test comment",
      "old_data": {},
      "new_data": {
        "status": "contested"
      },
      "created_at": "2020-07-30T12:21:16.129Z",
      "updated_at": "2020-07-30T12:21:16.129Z"
    }
  },
  {
    "model": "api.assethandoverdocumentmediaupdate",
    "pk": 2,
    "fields": {
      "asset_handover_document_media": 2,
      "user": 2,
      "company": 2,
      "comment": "test comment",
      "old_data": {},
      "new_data": {
        "status": "requesting_approval"
      },
      "created_at": "2020-07-30T12:21:16.129Z",
      "updated_at": "2020-07-30T12:21:16.129Z"
    }
  },
  {
    "model": "api.assethandoverdocumentmediaupdate",
    "pk": 3,
    "fields": {
      "asset_handover_document_media": 3,
      "user": 3,
      "company": 3,
      "comment": "test comment",
      "old_data": {},
      "new_data": {
        "status": "accepted"
      },
      "created_at": "2020-07-30T12:21:16.129Z",
      "updated_at": "2020-07-30T12:21:16.129Z"
    }
  },
  {
    "model": "api.assethandoverdocumentmediaupdate",
    "pk": 4,
    "fields": {
      "asset_handover_document_media": 4,
      "user": 1,
      "company": 1,
      "comment": "test comment",
      "old_data": {},
      "new_data": {
        "status": "in_progress"
      },
      "created_at": "2020-07-30T12:21:16.129Z",
      "updated_at": "2020-07-30T12:21:16.129Z"
    }
  },
  {
    "model": "api.assethandoverdocumentmediaupdate",
    "pk": 5,
    "fields": {
      "asset_handover_document_media": 5,
      "user": 2,
      "company": 2,
      "comment": "test comment",
      "old_data": {},
      "new_data": {
        "status": "requesting_approval"
      },
      "created_at": "2020-07-30T12:21:16.129Z",
      "updated_at": "2020-07-30T12:21:16.129Z"
    }
  },
  {
    "model": "api.packagehandover",
    "pk": 1,
    "fields": {
      "package_matrix": 1,
      "inspection_period": null,
      "maintenance_period": null,
      "created_at": "2020-07-30T12:21:16.129Z",
      "updated_at": "2020-07-30T12:21:16.129Z"
    }
  },
  {
    "model": "api.packagehandover",
    "pk": 2,
    "fields": {
      "package_matrix": 2,
      "inspection_period": 1,
      "maintenance_period": 3,
      "created_at": "2020-07-30T12:21:16.129Z",
      "updated_at": "2020-07-30T12:21:16.129Z"
    }
  },
  {
    "model": "api.packagehandover",
    "pk": 3,
    "fields": {
      "package_matrix": 3,
      "inspection_period": 6,
      "maintenance_period": 18,
      "created_at": "2020-07-30T12:21:16.129Z",
      "updated_at": "2020-07-30T12:21:16.129Z"
    }
  },
  {
    "model": "api.packagehandover",
    "pk": 4,
    "fields": {
      "package_matrix": 4,
      "inspection_period": 6,
      "maintenance_period": 18,
      "created_at": "2020-07-30T12:21:16.129Z",
      "updated_at": "2020-07-30T12:21:16.129Z"
    }
  },
  {
    "model": "api.packagehandover",
    "pk": 5,
    "fields": {
      "package_matrix": 5,
      "inspection_period": 6,
      "maintenance_period": 18,
      "created_at": "2020-07-30T12:21:16.129Z",
      "updated_at": "2020-07-30T12:21:16.129Z"
    }
  },
  {
    "model": "api.packagehandover",
    "pk": 6,
    "fields": {
      "package_matrix": 6,
      "inspection_period": 6,
      "maintenance_period": 18,
      "created_at": "2020-07-30T12:21:16.129Z",
      "deleted": "2020-07-30T12:21:16.129Z",
      "updated_at": "2020-07-30T12:21:16.129Z"
    }
  },
  {
    "model": "api.packagehandoverdocument",
    "pk": 1,
    "fields": {
      "package_handover": 5,
      "package_handover_document_type": 1,
      "number_required_files": 5,
      "package_activity": 1,
      "project": 5,
      "created_at": "2020-07-30T12:21:16.129Z",
      "updated_at": "2020-07-30T12:21:16.129Z"
    }
  },
  {
    "model": "api.packagehandoverdocument",
    "pk": 2,
    "fields": {
      "package_handover": 5,
      "package_handover_document_type": 9,
      "number_required_files": 5,
      "package_activity": 1,
      "project": 5,
      "created_at": "2020-07-30T12:21:16.129Z",
      "updated_at": "2020-07-30T12:21:16.129Z"
    }
  },
  {
    "model": "api.packagehandoverdocument",
    "pk": 3,
    "fields": {
      "package_handover": 5,
      "package_handover_document_type": 16,
      "number_required_files": 5,
      "package_activity": 1,
      "project": 5,
      "created_at": "2020-07-30T12:21:16.129Z",
      "updated_at": "2020-07-30T12:21:16.129Z"
    }
  },
  {
    "model": "api.packagehandoverdocument",
    "pk": 4,
    "fields": {
      "package_handover": 6,
      "package_handover_document_type": 1,
      "number_required_files": 5,
      "package_activity": 5,
      "project": 5,
      "created_at": "2020-07-30T12:21:16.129Z",
      "updated_at": "2020-07-30T12:21:16.129Z"
    }
  },
  {
    "model": "api.packagehandoverdocument",
    "pk": 5,
    "fields": {
      "package_handover": 6,
      "package_handover_document_type": 9,
      "number_required_files": 5,
      "package_activity": 5,
      "project": 5,
      "created_at": "2020-07-30T12:21:16.129Z",
      "updated_at": "2020-07-30T12:21:16.129Z"
    }
  },
  {
    "model": "api.packagehandoverdocument",
    "pk": 6,
    "fields": {
      "package_handover": 6,
      "package_handover_document_type": 16,
      "number_required_files": 5,
      "package_activity": 5,
      "project": 5,
      "created_at": "2020-07-30T12:21:16.129Z",
      "deleted": "2020-07-30T12:21:16.129Z",
      "updated_at": "2020-07-30T12:21:16.129Z"
    }
  },
  {
    "model": "api.packagehandoverdocumentmedia",
    "pk": 1,
    "fields": {
      "uid": "sdf342342dsfs",
      "package_handover_document": 1,
      "media": 2,
      "status": "requesting_approval",
      "created_at": "2020-07-30T12:21:16.129Z",
      "updated_at": "2020-07-30T12:21:16.129Z"
    }
  },
  {
    "model": "api.packagehandoverdocumentmedia",
    "pk": 2,
    "fields": {
      "uid": "dfsdgfds3432",
      "package_handover_document": 2,
      "media": 1,
      "status": "in_progress",
      "created_at": "2020-07-30T12:21:16.129Z",
      "updated_at": "2020-07-30T12:21:16.129Z"
    }
  },
  {
    "model": "api.packagehandoverdocumentmedia",
    "pk": 3,
    "fields": {
      "uid": "fdsfds4343sadsa",
      "package_handover_document": 3,
      "media": 2,
      "status": "accepted",
      "created_at": "2020-07-30T12:21:16.129Z",
      "updated_at": "2020-07-30T12:21:16.129Z"
    }
  },
  {
    "model": "api.packagehandoverdocumentmedia",
    "pk": 4,
    "fields": {
      "uid": "dfds33afds",
      "package_handover_document": 4,
      "media": 1,
      "status": "in_progress",
      "created_at": "2020-07-30T12:21:16.129Z",
      "updated_at": "2020-07-30T12:21:16.129Z"
    }
  },
  {
    "model": "api.packagehandoverdocumentmedia",
    "pk": 5,
    "fields": {
      "uid": null,
      "package_handover_document": 5,
      "media": 3,
      "status": "requesting_approval",
      "created_at": "2020-07-30T12:21:16.129Z",
      "updated_at": "2020-07-30T12:21:16.129Z"
    }
  },
  {
    "model": "api.packagehandoverdocumentmedia",
    "pk": 6,
    "fields": {
      "uid": "dd433fdfd",
      "package_handover_document": 6,
      "media": 1,
      "status": "in_progress",
      "created_at": "2020-07-30T12:21:16.129Z",
      "updated_at": "2020-07-30T12:21:16.129Z"
    }
  },
  {
    "model": "api.packagehandoverdocumentmedia",
    "pk": 7,
    "fields": {
      "uid": "sdfgh34jafd",
      "package_handover_document": 1,
      "media": 2,
      "status": "in_progress",
      "information": "still alive",
      "created_at": "2020-07-30T12:21:16.129Z",
      "updated_at": "2020-07-30T12:21:16.129Z"
    }
  },
  {
    "model": "api.packagehandoverdocumentmediaupdate",
    "pk": 1,
    "fields": {
      "package_handover_document_media": 1,
      "user": 1,
      "company": 1,
      "comment": "Comment",
      "old_data": {},
      "new_data": {
        "status": "requesting_approval"
      },
      "created_at": "2020-07-20T12:21:16.129Z",
      "updated_at": "2020-07-30T12:21:16.129Z"
    }
  },
  {
    "model": "api.packagehandoverdocumentmediaupdate",
    "pk": 2,
    "fields": {
      "package_handover_document_media": 2,
      "user": 1,
      "company": 1,
      "comment": "Comment",
      "old_data": {},
      "new_data": {
        "status": "in_progress"
      },
      "created_at": "2020-07-20T12:21:16.129Z",
      "updated_at": "2020-07-30T12:21:16.129Z"
    }
  },
  {
    "model": "api.packagehandoverdocumentmediaupdate",
    "pk": 3,
    "fields": {
      "package_handover_document_media": 3,
      "user": 2,
      "company": 2,
      "comment": "Comment",
      "old_data": {},
      "new_data": {
        "status": "accepted"
      },
      "created_at": "2020-07-20T12:21:16.129Z",
      "updated_at": "2020-07-30T12:21:16.129Z"
    }
  },
  {
    "model": "api.packagehandoverdocumentmediaupdate",
    "pk": 4,
    "fields": {
      "package_handover_document_media": 4,
      "user": 2,
      "company": 2,
      "comment": "Comment",
      "old_data": {},
      "new_data": {
        "status": "in_progress"
      },
      "created_at": "2020-07-20T12:21:16.129Z",
      "updated_at": "2020-07-30T12:21:16.129Z"
    }
  },
  {
    "model": "api.packagehandoverdocumentmediaupdate",
    "pk": 5,
    "fields": {
      "package_handover_document_media": 5,
      "user": 1,
      "company": 1,
      "comment": "Comment",
      "old_data": {},
      "new_data": {
        "status": "requesting_approval"
      },
      "created_at": "2020-07-20T12:21:16.129Z",
      "updated_at": "2020-07-30T12:21:16.129Z"
    }
  },
  {
    "model": "api.packagehandoverdocumentmediaupdate",
    "pk": 6,
    "fields": {
      "package_handover_document_media": 6,
      "user": 2,
      "company": 2,
      "comment": "Comment",
      "old_data": {},
      "new_data": {
        "status": "in_progress"
      },
      "created_at": "2020-07-20T12:21:16.129Z",
      "updated_at": "2020-07-30T12:21:16.129Z"
    }
  },
  {
    "model": "api.packagehandoverdocumentmediaupdate",
    "pk": 7,
    "fields": {
      "package_handover_document_media": 7,
      "user": 1,
      "company": 1,
      "comment": "Comment",
      "old_data": {},
      "new_data": {
        "status": "in_progress"
      },
      "created_at": "2020-07-20T12:21:16.129Z",
      "updated_at": "2020-07-30T12:21:16.129Z"
    }
  },
  {
    "model": "api.handoverdocument",
    "pk": 1,
    "fields": {
      "entity_id": 1,
      "entity": "package_handover",
      "media": 2,
      "document_type": 1,
      "package_activity": 1,
      "package": 4,
      "project": 5,
      "building": null,
      "level": null,
      "area": null,
      "company": 1,
      "filename": "broom.png",
      "uid": "sdf342342dsfs",
      "created_at": "2020-07-30T12:21:16.129Z",
      "updated_at": "2020-07-30T12:21:16.129Z"
    }
  },
  {
    "model": "api.handoverdocument",
    "pk": 2,
    "fields": {
      "entity_id": 2,
      "entity": "package_handover",
      "media": 1,
      "document_type": 9,
      "package_activity": 1,
      "package": 4,
      "project": 5,
      "building": null,
      "level": null,
      "area": null,
      "company": 1,
      "filename": "troom.png",
      "uid": "123",
      "created_at": "2020-07-30T12:21:16.129Z",
      "updated_at": "2020-07-30T12:21:16.129Z",
      "deleted": "2020-07-30T12:21:16.129Z"
    }
  },
  {
    "model": "api.handoverdocument",
    "pk": 3,
    "fields": {
      "entity_id": 3,
      "entity": "package_handover",
      "media": 1,
      "document_type": 16,
      "package_activity": 1,
      "package": 4,
      "project": 5,
      "building": null,
      "level": null,
      "area": null,
      "company": 2,
      "filename": "troom.png",
      "uid": "123",
      "information": "media info",
      "created_at": "2020-07-30T12:21:16.129Z",
      "updated_at": "2020-07-30T12:21:16.129Z"
    }
  },
  {
    "model": "api.handoverdocument",
    "pk": 4,
    "fields": {
      "entity_id": 4,
      "entity": "package_handover",
      "media": 1,
      "document_type": 1,
      "package_activity": 3,
      "package": 4,
      "project": 5,
      "building": null,
      "level": null,
      "area": null,
      "company": 2,
      "filename": "troom.png",
      "uid": "123",
      "information": "media info",
      "created_at": "2020-07-30T12:21:16.129Z",
      "updated_at": "2020-07-30T12:21:16.129Z",
      "deleted": "2020-07-30T12:21:16.129Z"
    }
  },
  {
    "model": "api.handoverdocument",
    "pk": 5,
    "fields": {
      "entity_id": 5,
      "entity": "package_handover",
      "media": 2,
      "document_type": 9,
      "package_activity": 3,
      "package": 4,
      "project": 5,
      "building": null,
      "level": null,
      "area": null,
      "company": 1,
      "filename": "broom.png",
      "created_at": "2020-07-30T12:21:16.129Z",
      "updated_at": "2020-07-30T12:21:16.129Z"
    }
  },
  {
    "model": "api.handoverdocument",
    "pk": 6,
    "fields": {
      "entity_id": 6,
      "entity": "package_handover",
      "media": 2,
      "document_type": 16,
      "package_activity": 3,
      "package": 4,
      "project": 5,
      "building": null,
      "level": null,
      "area": null,
      "company": 2,
      "filename": "broom.png",
      "created_at": "2020-07-30T12:21:16.129Z",
      "updated_at": "2020-07-30T12:21:16.129Z",
      "deleted": "2020-07-30T12:21:16.129Z"
    }
  },
  {
    "model": "api.handoverdocument",
    "pk": 7,
    "fields": {
      "entity_id": 7,
      "entity": "package_handover",
      "media": 2,
      "document_type": 1,
      "package_activity": 4,
      "package": 2,
      "project": 5,
      "building": null,
      "level": null,
      "area": null,
      "company": 1,
      "filename": "broom.png",
      "created_at": "2020-07-30T12:21:16.129Z",
      "updated_at": "2020-07-30T12:21:16.129Z",
      "deleted": "2020-07-30T12:21:16.129Z"
    }
  },
  {
    "model": "api.handoverdocument",
    "pk": 8,
    "fields": {
      "entity_id": 1,
      "entity": "asset_handover",
      "media": 1,
      "document_type": 1,
      "package_activity": 1,
      "package": 4,
      "project": 5,
      "building": "Building F",
      "level": "-3",
      "area": "Group",
      "company": 1,
      "filename": "troom.png",
      "uid": "Stranger things",
      "created_at": "2020-07-30T12:21:16.129Z",
      "updated_at": "2020-07-30T12:21:16.129Z"
    }
  },
  {
    "model": "api.handoverdocument",
    "pk": 9,
    "fields": {
      "entity_id": 2,
      "entity": "asset_handover",
      "media": 2,
      "document_type": 2,
      "package_activity": 1,
      "package": 4,
      "project": 5,
      "building": "Building F",
      "level": "-3",
      "area": "Group",
      "company": 2,
      "filename": "broom.png",
      "created_at": "2020-07-30T12:21:16.129Z",
      "updated_at": "2020-07-30T12:21:16.129Z"
    }
  },
  {
    "model": "api.handoverdocument",
    "pk": 10,
    "fields": {
      "entity_id": 3,
      "entity": "asset_handover",
      "media": 3,
      "document_type": 1,
      "package_activity": 3,
      "package": 4,
      "project": 5,
      "building": "Building H",
      "level": "-3",
      "area": "Group",
      "company": 3,
      "filename": "kroom.png",
      "created_at": "2020-07-30T12:21:16.129Z",
      "updated_at": "2020-07-30T12:21:16.129Z"
    }
  },
  {
    "model": "api.handoverdocument",
    "pk": 11,
    "fields": {
      "entity_id": 4,
      "entity": "asset_handover",
      "media": 1,
      "document_type": 2,
      "package_activity": 3,
      "package": 4,
      "project": 5,
      "building": "Building H",
      "level": "-3",
      "area": "Group",
      "company": 1,
      "filename": "troom.png",
      "created_at": "2020-07-30T12:21:16.129Z",
      "updated_at": "2020-07-30T12:21:16.129Z"
    }
  },
  {
    "model": "api.handoverdocument",
    "pk": 12,
    "fields": {
      "entity_id": 5,
      "entity": "asset_handover",
      "media": 2,
      "document_type": 1,
      "package_activity": 1,
      "package": 3,
      "project": 5,
      "building": "Building I",
      "level": "-3",
      "area": "Group",
      "company": 2,
      "filename": "broom.png",
      "created_at": "2020-07-30T12:21:16.129Z",
      "updated_at": "2020-07-30T12:21:16.129Z"
    }
  }
]
