[
  {
    "model": "api.media",
    "pk": 1,
    "fields": {
      "name": "troom.png",
      "link": "troom.png",
      "created_at": "2020-07-30T12:21:16.129Z",
      "updated_at": "2020-07-30T12:21:16.129Z"
    }
  },
  {
    "model": "api.media",
    "pk": 2,
    "fields": {
      "name": "broom.png",
      "link": "broom.png",
      "created_at": "2020-07-30T12:21:16.129Z",
      "updated_at": "2020-07-30T12:21:16.129Z"
    }
  },
  {
    "model": "api.media",
    "pk": 3,
    "fields": {
      "name": "kroom.png",
      "link": "kroom.png",
      "created_at": "2020-07-30T12:21:16.129Z",
      "updated_at": "2020-07-30T12:21:16.129Z"
    }
  },
  {
    "model": "api.media",
    "pk": 4,
    "fields": {
      "name": "sroom.png",
      "link": "sroom.png",
      "created_at": "2020-07-30T12:21:16.129Z",
      "updated_at": "2020-07-30T12:21:16.129Z"
    }
  },
  {
    "model": "api.media",
    "pk": 5,
    "fields": {
      "name": "kroom.png",
      "link": "kroom.png",
      "created_at": "2020-07-30T12:21:16.129Z",
      "updated_at": "2020-07-30T12:21:16.129Z"
    }
  },
  {
    "model": "api.media",
    "pk": 6,
    "fields": {
      "name": "lroom.png",
      "link": "lroom.png",
      "created_at": "2020-07-30T12:21:16.129Z",
      "updated_at": "2020-07-30T12:21:16.129Z"
    }
  },
  {
    "model": "api.media",
    "pk": 7,
    "fields": {
      "name": "wroom.png",
      "link": "wroom.png",
      "created_at": "2020-07-30T12:21:16.129Z",
      "updated_at": "2020-07-30T12:21:16.129Z"
    }
  },
  {
    "model": "api.user",
    "pk": 1,
    "fields": {
      "password": "bcrypt_sha256$$2b$12$bmj11SqWnZE1CpgbqqT0.OPXBKGMzTVyLsDWsBe3dRoxlCtN2sP9i",
      "last_login": null,
      "is_superuser": true,
      "first_name": "Bradwood",
      "last_name": "Feat",
      "is_staff": true,
      "is_active": true,
      "date_joined": "2020-07-30T12:21:16.129Z",
      "email": "cool.brad@gmail.com",
      "company": 1,
      "phone": "+41524204242",
      "position": "Cool Brad",
      "group": 1,
      "groups": [
        1
      ],
      "created_at": "2020-07-30T12:21:16.129Z",
      "updated_at": "2020-07-30T12:21:16.129Z"
    }
  },
  {
    "model": "api.user",
    "pk": 2,
    "fields": {
      "password": "bcrypt_sha256$$2b$12$bmj11SqWnZE1CpgbqqT0.OPXBKGMzTVyLsDWsBe3dRoxlCtN2sP9i",
      "last_login": null,
      "is_superuser": false,
      "first_name": "Brad",
      "last_name": "Seatwood",
      "is_staff": true,
      "is_active": true,
      "date_joined": "2020-07-30T12:21:16.129Z",
      "email": "cool.brad+1@gmail.com",
      "company": 2,
      "phone": "+41524204242",
      "position": "Cool Brad",
      "group": 3,
      "groups": [
        3
      ],
      "created_at": "2020-07-30T12:21:16.129Z",
      "updated_at": "2020-07-30T12:21:16.129Z"
    }
  },
  {
    "model": "api.user",
    "pk": 3,
    "fields": {
      "password": "bcrypt_sha256$$2b$12$bmj11SqWnZE1CpgbqqT0.OPXBKGMzTVyLsDWsBe3dRoxlCtN2sP9i",
      "last_login": null,
      "is_superuser": false,
      "first_name": "Brad",
      "last_name": "Heat",
      "is_staff": true,
      "is_active": true,
      "date_joined": "2020-07-30T12:21:16.129Z",
      "email": "cool.brad+2wood@gmail.com",
      "company": 3,
      "phone": "+41524204242",
      "position": "Cool Brad",
      "group": 2,
      "groups": [
        2
      ],
      "created_at": "2020-07-30T12:21:16.129Z",
      "updated_at": "2020-07-30T12:21:16.129Z"
    }
  },
  {
    "model": "api.user",
    "pk": 4,
    "fields": {
      "password": "bcrypt_sha256$$2b$12$bmj11SqWnZE1CpgbqqT0.OPXBKGMzTVyLsDWsBe3dRoxlCtN2sP9i",
      "last_login": null,
      "is_superuser": false,
      "first_name": "Brad",
      "last_name": "Noi",
      "is_staff": true,
      "is_active": true,
      "date_joined": "2020-07-30T12:21:16.129Z",
      "email": "cool.noi+13@gmail.com",
      "company": 4,
      "phone": "+41524904241",
      "position": "QA",
      "group": 3,
      "groups": [
        3
      ],
      "created_at": "2020-07-30T12:21:16.129Z",
      "updated_at": "2020-07-30T12:21:16.129Z"
    }
  },
  {
    "model": "api.user",
    "pk": 5,
    "fields": {
      "password": "bcrypt_sha256$$2b$12$bmj11SqWnZE1CpgbqqT0.OPXBKGMzTVyLsDWsBe3dRoxlCtN2sP9i",
      "last_login": null,
      "is_superuser": false,
      "first_name": "Awesome",
      "last_name": "Subcontractor",
      "is_staff": false,
      "is_active": true,
      "date_joined": "2020-07-30T12:21:16.129Z",
      "email": "cool.subcontractor@gmail.com",
      "company": 4,
      "phone": "+41524904241",
      "position": "subcontractor",
      "group": 4,
      "groups": [
        4
      ],
      "created_at": "2020-07-30T12:21:16.129Z",
      "updated_at": "2020-07-30T12:21:16.129Z"
    }
  },
  {
    "model": "api.user",
    "pk": 6,
    "fields": {
      "password": "bcrypt_sha256$$2b$12$bmj11SqWnZE1CpgbqqT0.OPXBKGMzTVyLsDWsBe3dRoxlCtN2sP9i",
      "last_login": null,
      "is_superuser": false,
      "first_name": "Awesome",
      "last_name": "Client",
      "is_staff": false,
      "is_active": true,
      "date_joined": "2020-07-30T12:21:16.129Z",
      "email": "cool.client@gmail.com",
      "company": 2,
      "phone": "+41524904241",
      "position": "client",
      "group": 5,
      "groups": [
        5
      ],
      "created_at": "2020-07-30T12:21:16.129Z",
      "updated_at": "2020-07-30T12:21:16.129Z"
    }
  },
  {
    "model": "api.user",
    "pk": 7,
    "fields": {
      "password": "bcrypt_sha256$$2b$12$bmj11SqWnZE1CpgbqqT0.OPXBKGMzTVyLsDWsBe3dRoxlCtN2sP9i",
      "last_login": null,
      "is_superuser": false,
      "first_name": "Awesome",
      "last_name": "Consultant",
      "is_staff": false,
      "is_active": true,
      "date_joined": "2020-07-30T12:21:16.129Z",
      "email": "cool.consultant@gmail.com",
      "company": 2,
      "phone": "+41524904241",
      "position": "consultant",
      "group": 6,
      "groups": [
        6
      ],
      "created_at": "2020-07-30T12:21:16.129Z",
      "updated_at": "2020-07-30T12:21:16.129Z"
    }
  },
  {
    "model": "api.company",
    "pk": 1,
    "fields": {
      "name": "Stussy",
      "created_at": "2020-07-30T12:21:16.129Z",
      "updated_at": "2020-07-30T12:21:16.129Z",
      "deleted": "2020-07-30T12:21:16.129Z"
    }
  },
  {
    "model": "api.company",
    "pk": 2,
    "fields": {
      "name": "20 Century Fox",
      "created_at": "2020-07-30T12:21:16.129Z",
      "updated_at": "2020-07-30T12:21:16.129Z"
    }
  },
  {
    "model": "api.company",
    "pk": 3,
    "fields": {
      "name": "Disney",
      "created_at": "2020-07-30T12:21:16.129Z",
      "updated_at": "2020-07-30T12:21:16.129Z"
    }
  },
  {
    "model": "api.company",
    "pk": 4,
    "fields": {
      "name": "Universal",
      "created_at": "2020-07-30T12:21:16.129Z",
      "updated_at": "2020-07-30T12:21:16.129Z"
    }
  },
  {
    "model": "api.company",
    "pk": 5,
    "fields": {
      "name": "Alfa",
      "created_at": "2020-07-30T12:21:16.129Z",
      "updated_at": "2020-07-30T12:21:16.129Z"
    }
  },
  {
    "model": "api.company",
    "pk": 6,
    "fields": {
      "name": "Tesla",
      "created_at": "2020-07-30T12:21:16.129Z",
      "updated_at": "2020-07-30T12:21:16.129Z"
    }
  },
  {
    "model": "api.company",
    "pk": 7,
    "fields": {
      "name": "Microsoft",
      "created_at": "2020-07-30T12:21:16.129Z",
      "updated_at": "2020-07-30T12:21:16.129Z"
    }
  },
  {
    "model": "api.packageactivitytask",
    "pk": 1,
    "fields": {
      "description": "First desc",
      "created_at": "2020-07-30T12:21:16.129Z",
      "updated_at": "2020-07-30T12:21:16.129Z",
      "package_activity": 4
    }
  },
  {
    "model": "api.packageactivitytask",
    "pk": 2,
    "fields": {
      "description": "Second desc",
      "created_at": "2020-07-30T12:21:16.129Z",
      "updated_at": "2020-07-30T12:21:16.129Z",
      "package_activity": 4
    }
  },
  {
    "model": "api.packageactivitytask",
    "pk": 3,
    "fields": {
      "description": "Third desc",
      "created_at": "2020-07-30T12:21:16.129Z",
      "updated_at": "2020-07-30T12:21:16.129Z",
      "package_activity": 3
    }
  },
  {
    "model": "api.packageactivitytask",
    "pk": 4,
    "fields": {
      "description": "Fourth desc",
      "created_at": "2020-07-30T12:21:16.129Z",
      "updated_at": "2020-07-30T12:21:16.129Z",
      "package_activity": 2
    }
  },
  {
    "model": "api.packageactivitytask",
    "pk": 5,
    "fields": {
      "description": "Fifth desc",
      "created_at": "2020-07-30T12:21:16.129Z",
      "updated_at": "2020-07-30T12:21:16.129Z",
      "package_activity": 1
    }
  },
  {
    "model": "api.packageactivitytask",
    "pk": 6,
    "fields": {
      "description": "Sixth desc",
      "created_at": "2020-07-30T12:21:16.129Z",
      "updated_at": "2020-07-30T12:21:16.129Z",
      "package_activity": 1
    }
  },
  {
    "model": "api.packageactivity",
    "pk": 1,
    "fields": {
      "name": "First package activity",
      "created_at": "2020-07-30T12:21:16.129Z",
      "updated_at": "2020-07-30T12:21:16.129Z"
    }
  },
  {
    "model": "api.packageactivity",
    "pk": 2,
    "fields": {
      "name": "Second package activity",
      "created_at": "2020-07-30T12:21:16.129Z",
      "updated_at": "2020-07-30T12:21:16.129Z"
    }
  },
  {
    "model": "api.packageactivity",
    "pk": 3,
    "fields": {
      "name": "Third package activity",
      "created_at": "2020-07-30T12:21:16.129Z",
      "updated_at": "2020-07-30T12:21:16.129Z"
    }
  },
  {
    "model": "api.packageactivity",
    "pk": 4,
    "fields": {
      "name": "Fourth package activity",
      "created_at": "2020-07-30T12:21:16.129Z",
      "updated_at": "2020-07-30T12:21:16.129Z"
    }
  },
  {
    "model": "api.packageactivity",
    "pk": 5,
    "fields": {
      "name": "Fifth package activity",
      "created_at": "2020-07-30T12:21:16.129Z",
      "updated_at": "2020-07-30T12:21:16.129Z"
    }
  },
  {
    "model": "api.package",
    "pk": 1,
    "fields": {
      "name": "First package",
      "order": 2,
      "created_at": "2020-07-30T12:21:16.129Z",
      "updated_at": "2020-07-30T12:21:16.129Z"
    }
  },
  {
    "model": "api.package",
    "pk": 2,
    "fields": {
      "name": "Second package",
      "order": 3,
      "created_at": "2020-07-30T12:21:16.129Z",
      "updated_at": "2020-07-30T12:21:16.129Z"
    }
  },
  {
    "model": "api.package",
    "pk": 3,
    "fields": {
      "name": "Third package",
      "order": 4,
      "created_at": "2020-07-30T12:21:16.129Z",
      "updated_at": "2020-07-30T12:21:16.129Z"
    }
  },
  {
    "model": "api.package",
    "pk": 4,
    "fields": {
      "name": "Fourth package",
      "order": 5,
      "created_at": "2020-07-30T12:21:16.129Z",
      "updated_at": "2020-07-30T12:21:16.129Z"
    }
  },
  {
    "model": "api.project",
    "pk": 1,
    "fields": {
      "name": "Project 1",
      "number": "dfg134",
      "status": "tendering",
      "show_estimated_man_hours": true,
      "start_date": "2020-07-30",
      "completion_date": "2020-08-30",
      "value": 2343456.23,
      "value_currency": "USD",
      "created_at": "2020-07-30T12:21:16.129Z",
      "updated_at": "2020-07-30T12:21:16.129Z",
      "users": [
        1,
        2,
        5
      ]
    }
  },
  {
    "model": "api.project",
    "pk": 2,
    "fields": {
      "name": "Project 2",
      "number": "h5636uytsf",
      "status": "under_construction",
      "show_estimated_man_hours": false,
      "image": 2,
      "start_date": "2020-07-30",
      "completion_date": "2020-08-30",
      "value": 6534.65,
      "value_currency": "USD",
      "created_at": "2020-07-30T12:21:16.129Z",
      "updated_at": "2020-07-30T12:21:16.129Z",
      "users": [
        2
      ],
      "key_contacts": [
        2
      ]
    }
  },
  {
    "model": "api.project",
    "pk": 3,
    "fields": {
      "name": "Mitron 3",
      "number": "7th46ds",
      "status": "partially_completed",
      "show_estimated_man_hours": true,
      "image": 3,
      "start_date": "2020-07-30",
      "completion_date": "2020-08-30",
      "value": 765.34,
      "value_currency": "USD",
      "created_at": "2020-07-30T12:21:16.129Z",
      "updated_at": "2020-07-30T12:21:16.129Z"
    }
  },
  {
    "model": "api.project",
    "pk": 4,
    "fields": {
      "name": "Project 4",
      "number": "h356ydgd",
      "status": "completed",
      "show_estimated_man_hours": true,
      "image": 4,
      "start_date": "2020-07-30",
      "completion_date": "2020-08-30",
      "value": 765543.43,
      "value_currency": "USD",
      "created_at": "2020-07-30T12:21:16.129Z",
      "updated_at": "2020-07-30T12:21:16.129Z",
      "users": [
        2
      ]
    }
  },
  {
    "model": "api.project",
    "pk": 5,
    "fields": {
      "name": "Project 5",
      "number": "y356ywrtwe",
      "status": "archived",
      "show_estimated_man_hours": true,
      "image": 5,
      "start_date": "2020-07-30",
      "completion_date": "2020-08-30",
      "value": 123765.11,
      "value_currency": "USD",
      "created_at": "2020-07-30T12:21:16.129Z",
      "updated_at": "2020-07-30T12:21:16.129Z",
      "users": [
        2,
        3,
        5
      ]
    }
  },
  {
    "model": "api.project",
    "pk": 6,
    "fields": {
      "name": "Project 6",
      "number": "fg2645y4tf",
      "status": "tendering",
      "show_estimated_man_hours": true,
      "image": 6,
      "start_date": "2020-07-30",
      "completion_date": "2020-08-30",
      "value": 34551.43,
      "value_currency": "USD",
      "created_at": "2020-07-30T12:21:16.129Z",
      "updated_at": "2020-07-30T12:21:16.129Z",
      "users": [
        3
      ]
    }
  },
  {
    "model": "api.project",
    "pk": 7,
    "fields": {
      "name": "Projcto 7",
      "number": "rt4efweewe",
      "status": "tendering",
      "show_estimated_man_hours": false,
      "image": 7,
      "start_date": "2020-07-30",
      "completion_date": "2020-08-30",
      "value": 2346345.54,
      "value_currency": "USD",
      "created_at": "2020-07-30T12:21:16.129Z",
      "updated_at": "2020-07-30T12:21:16.129Z"
    }
  },
  {
    "model": "api.packagematrix",
    "pk": 1,
    "fields": {
      "project": 6,
      "package": 4,
      "package_activity": 1,
      "created_at": "2020-07-30T12:21:16.129Z",
      "updated_at": "2020-07-30T12:21:16.129Z"
    }
  },
  {
    "model": "api.packagematrix",
    "pk": 2,
    "fields": {
      "project": 5,
      "package": 4,
      "package_activity": 2,
      "created_at": "2020-07-30T12:21:16.129Z",
      "updated_at": "2020-07-30T12:21:16.129Z"
    }
  },
  {
    "model": "api.packagematrix",
    "pk": 3,
    "fields": {
      "project": 1,
      "package": 4,
      "package_activity": 3,
      "created_at": "2020-07-30T12:21:16.129Z",
      "updated_at": "2020-07-30T12:21:16.129Z"
    }
  },
  {
    "model": "api.packagematrix",
    "pk": 4,
    "fields": {
      "project": 5,
      "package": 3,
      "package_activity": 4,
      "created_at": "2020-07-30T12:21:16.129Z",
      "updated_at": "2020-07-30T12:21:16.129Z"
    }
  },
  {
    "model": "api.packagematrix",
    "pk": 5,
    "fields": {
      "project": 5,
      "package": 4,
      "package_activity": 1,
      "created_at": "2020-07-30T12:21:16.129Z",
      "updated_at": "2020-07-30T12:21:16.129Z"
    }
  },
  {
    "model": "api.packagematrix",
    "pk": 6,
    "fields": {
      "project": 4,
      "package": 4,
      "package_activity": 2,
      "created_at": "2020-07-30T12:21:16.129Z",
      "updated_at": "2020-07-30T12:21:16.129Z"
    }
  },
  {
    "model": "api.packagematrixcompany",
    "pk": 1,
    "fields": {
      "package_matrix": 5,
      "company": 2,
      "created_at": "2020-07-30T12:21:16.129Z",
      "updated_at": "2020-07-30T12:21:16.129Z"
    }
  },
  {
    "model": "api.packagematrixcompany",
    "pk": 2,
    "fields": {
      "package_matrix": 5,
      "company": 3,
      "created_at": "2020-07-30T12:21:16.129Z",
      "updated_at": "2020-07-30T12:21:16.129Z"
    }
  },
  {
    "model": "api.packagematrixcompany",
    "pk": 3,
    "fields": {
      "package_matrix": 4,
      "company": 2,
      "created_at": "2020-07-30T12:21:16.129Z",
      "updated_at": "2020-07-30T12:21:16.129Z"
    }
  },
  {
    "model": "api.packagematrixcompany",
    "pk": 4,
    "fields": {
      "package_matrix": 4,
      "company": 1,
      "created_at": "2020-07-30T12:21:16.129Z",
      "updated_at": "2020-07-30T12:21:16.129Z"
    }
  },
  {
    "model": "api.packagematrixcompany",
    "pk": 5,
    "fields": {
      "package_matrix": 4,
      "company": 3,
      "created_at": "2020-07-30T12:21:16.129Z",
      "updated_at": "2020-07-30T12:21:16.129Z"
    }
  },
  {
    "model": "api.packagematrixcompany",
    "pk": 6,
    "fields": {
      "package_matrix": 3,
      "company": 2,
      "created_at": "2020-07-30T12:21:16.129Z",
      "updated_at": "2020-07-30T12:21:16.129Z"
    }
  },
  {
    "model": "api.packagematrixcompany",
    "pk": 7,
    "fields": {
      "package_matrix": 3,
      "company": 1,
      "created_at": "2020-07-30T12:21:16.129Z",
      "updated_at": "2020-07-30T12:21:16.129Z"
    }
  },
  {
    "model": "api.responsecategory",
    "pk": 1,
    "fields": {
      "name": "The One",
      "description": "The One description",
      "project": 1,
      "created_at": "2020-07-30T12:21:16.129Z",
      "updated_at": "2020-07-30T12:21:16.129Z"
    }
  },
  {
    "model": "api.responsecategory",
    "pk": 2,
    "fields": {
      "name": "The Two",
      "description": "The Two description",
      "project": 1,
      "created_at": "2020-07-30T12:21:16.129Z",
      "updated_at": "2020-07-30T12:21:16.129Z"
    }
  },
  {
    "model": "api.responsecategory",
    "pk": 3,
    "fields": {
      "name": "The Three",
      "description": "The Three description",
      "project": 1,
      "created_at": "2020-07-30T12:21:16.129Z",
      "updated_at": "2020-07-30T12:21:16.129Z"
    }
  },
  {
    "model": "api.responsecategory",
    "pk": 4,
    "fields": {
      "name": "The Four",
      "description": "The Four description",
      "project": 1,
      "created_at": "2020-07-30T12:21:16.129Z",
      "updated_at": "2020-07-30T12:21:16.129Z"
    }
  },
  {
    "model": "api.responsecategory",
    "pk": 5,
    "fields": {
      "name": "The Five",
      "description": "The Five description",
      "project": 1,
      "created_at": "2020-07-30T12:21:16.129Z",
      "updated_at": "2020-07-30T12:21:16.129Z"
    }
  },
  {
    "model": "api.responsecategory",
    "pk": 6,
    "fields": {
      "name": "The Six",
      "description": "The Six description",
      "project": 1,
      "created_at": "2020-07-30T12:21:16.129Z",
      "updated_at": "2020-07-30T12:21:16.129Z"
    }
  }
]
