[
  {
    "model": "api.company",
    "pk": 1,
    "fields": {
      "name": "Dodge",
      "created_at": "2020-07-30T12:21:16.129Z",
      "updated_at": "2020-07-30T12:21:16.129Z"
    }
  },
  {
    "model": "api.company",
    "pk": 2,
    "fields": {
      "name": "Toyota",
      "created_at": "2020-07-30T12:21:16.129Z",
      "updated_at": "2020-07-30T12:21:16.129Z"
    }
  },
  {
    "model": "api.user",
    "pk": 1,
    "fields": {
      "password": "bcrypt_sha256$$2b$12$bmj11SqWnZE1CpgbqqT0.OPXBKGMzTVyLsDWsBe3dRoxlCtN2sP9i",
      "last_login": null,
      "is_superuser": true,
      "first_name": "Bradwood",
      "last_name": "Feat",
      "is_staff": true,
      "is_active": true,
      "date_joined": "2020-07-30T12:21:16.129Z",
      "email": "cool.brad@gmail.com",
      "company": 1,
      "phone": "+41524204242",
      "position": "Cool Brad",
      "group": 1,
      "groups": [
        1
      ],
      "created_at": "2020-07-30T12:21:16.129Z",
      "updated_at": "2020-07-30T12:21:16.129Z"
    }
  },
  {
    "model": "api.user",
    "pk": 2,
    "fields": {
      "password": "bcrypt_sha256$$2b$12$bmj11SqWnZE1CpgbqqT0.OPXBKGMzTVyLsDWsBe3dRoxlCtN2sP9i",
      "last_login": null,
      "is_superuser": false,
      "first_name": "Brad",
      "last_name": "Seatwood",
      "is_staff": true,
      "is_active": true,
      "date_joined": "2020-07-30T12:21:16.129Z",
      "email": "cool.brad+1@gmail.com",
      "company": 1,
      "phone": "+41524204242",
      "position": "Cool Brad",
      "group": 5,
      "groups": [
        5
      ],
      "created_at": "2020-07-30T12:21:16.129Z",
      "updated_at": "2020-07-30T12:21:16.129Z"
    }
  },
  {
    "model": "api.user",
    "pk": 3,
    "fields": {
      "password": "bcrypt_sha256$$2b$12$bmj11SqWnZE1CpgbqqT0.OPXBKGMzTVyLsDWsBe3dRoxlCtN2sP9i",
      "last_login": null,
      "is_superuser": false,
      "first_name": "Brad",
      "last_name": "Heat",
      "is_staff": true,
      "is_active": true,
      "date_joined": "2020-07-30T12:21:16.129Z",
      "email": "cool.brad+2wood@gmail.com",
      "company": 1,
      "phone": "+41524204242",
      "position": "Cool Brad",
      "group": 6,
      "groups": [
        6
      ],
      "created_at": "2020-07-30T12:21:16.129Z",
      "updated_at": "2020-07-30T12:21:16.129Z"
    }
  },
  {
    "model": "api.user",
    "pk": 4,
    "fields": {
      "password": "bcrypt_sha256$$2b$12$bmj11SqWnZE1CpgbqqT0.OPXBKGMzTVyLsDWsBe3dRoxlCtN2sP9i",
      "last_login": null,
      "is_superuser": false,
      "first_name": "Brad",
      "last_name": "Noi",
      "is_staff": true,
      "is_active": true,
      "date_joined": "2020-07-30T12:21:16.129Z",
      "email": "cool.noi+13@gmail.com",
      "company": 1,
      "phone": "+41524904241",
      "position": "QA",
      "group": 5,
      "groups": [
        5
      ],
      "created_at": "2020-07-30T12:21:16.129Z",
      "updated_at": "2020-07-30T12:21:16.129Z"
    }
  },
  {
    "model": "api.user",
    "pk": 5,
    "fields": {
      "password": "bcrypt_sha256$$2b$12$bmj11SqWnZE1CpgbqqT0.OPXBKGMzTVyLsDWsBe3dRoxlCtN2sP9i",
      "last_login": null,
      "is_superuser": false,
      "first_name": "Subbie",
      "last_name": "Old",
      "is_staff": true,
      "is_active": true,
      "date_joined": "2020-07-30T12:21:16.129Z",
      "email": "cool.sub+17@gmail.com",
      "company": 1,
      "phone": "+41519902241",
      "position": "Subcontractor",
      "group": 4,
      "groups": [
        4
      ],
      "created_at": "2020-07-30T12:21:16.129Z",
      "updated_at": "2020-07-30T12:21:16.129Z"
    }
  },
  {
    "model": "api.user",
    "pk": 6,
    "fields": {
      "password": "bcrypt_sha256$$2b$12$bmj11SqWnZE1CpgbqqT0.OPXBKGMzTVyLsDWsBe3dRoxlCtN2sP9i",
      "last_login": null,
      "is_superuser": false,
      "first_name": "Manager",
      "last_name": "Old",
      "is_staff": true,
      "is_active": true,
      "date_joined": "2020-07-30T12:21:16.129Z",
      "email": "cool.manager+17@gmail.com",
      "company": 1,
      "phone": "+41519902241",
      "position": "Manager",
      "group": 3,
      "groups": [
        3
      ],
      "created_at": "2020-07-30T12:21:16.129Z",
      "updated_at": "2020-07-30T12:21:16.129Z"
    }
  },
  {
    "model": "api.user",
    "pk": 7,
    "fields": {
      "password": "bcrypt_sha256$$2b$12$bmj11SqWnZE1CpgbqqT0.OPXBKGMzTVyLsDWsBe3dRoxlCtN2sP9i",
      "last_login": null,
      "is_superuser": false,
      "first_name": "Brad",
      "last_name": "Heat",
      "is_staff": false,
      "is_active": true,
      "date_joined": "2020-07-30T12:21:16.129Z",
      "email": "cool.brad+33wood@gmail.com",
      "company": 2,
      "phone": "+41524204242",
      "position": "Cool Brad",
      "group": 6,
      "groups": [
        6
      ],
      "created_at": "2020-07-30T12:21:16.129Z",
      "updated_at": "2020-07-30T12:21:16.129Z"
    }
  },
  {
    "model": "api.media",
    "pk": 1,
    "fields": {
      "name": "troom.png",
      "link": "troom.png",
      "created_at": "2020-07-30T12:21:16.129Z",
      "updated_at": "2020-07-30T12:21:16.129Z"
    }
  },
  {
    "model": "api.media",
    "pk": 2,
    "fields": {
      "name": "troom.png",
      "link": "troom.png",
      "created_at": "2020-07-30T12:21:16.129Z",
      "updated_at": "2020-07-30T12:21:16.129Z"
    }
  },
  {
    "model": "api.project",
    "pk": 1,
    "fields": {
      "name": "Project 1",
      "number": "dfg134",
      "status": "under_construction",
      "show_estimated_man_hours": true,
      "image": 1,
      "start_date": "2020-07-30",
      "completion_date": "2020-08-30",
      "value": 2343456.23,
      "value_currency": "USD",
      "created_at": "2020-07-30T12:21:16.129Z",
      "updated_at": "2020-07-30T12:21:16.129Z"
    }
  },
  {
    "model": "api.projectuser",
    "pk": 1,
    "fields": {
      "project": 1,
      "user": 2,
      "is_notifications_enabled": true,
      "created_at": "2020-07-30T12:21:16.129Z",
      "updated_at": "2020-07-30T12:21:16.129Z"
    }
  },
  {
    "model": "api.projectuser",
    "pk": 2,
    "fields": {
      "project": 1,
      "user": 3,
      "is_notifications_enabled": true,
      "created_at": "2020-07-30T12:21:16.129Z",
      "updated_at": "2020-07-30T12:21:16.129Z"
    }
  },
  {
    "model": "api.projectuser",
    "pk": 3,
    "fields": {
      "project": 1,
      "user": 4,
      "is_notifications_enabled": false,
      "created_at": "2020-07-30T12:21:16.129Z",
      "updated_at": "2020-07-30T12:21:16.129Z"
    }
  },
  {
    "model": "api.projectuser",
    "pk": 4,
    "fields": {
      "project": 1,
      "user": 5,
      "is_notifications_enabled": true,
      "created_at": "2020-07-30T12:21:16.129Z",
      "updated_at": "2020-07-30T12:21:16.129Z"
    }
  },
  {
    "model": "api.projectuser",
    "pk": 5,
    "fields": {
      "project": 1,
      "user": 6,
      "is_notifications_enabled": true,
      "created_at": "2020-07-30T12:21:16.129Z",
      "updated_at": "2020-07-30T12:21:16.129Z"
    }
  },
  {
    "model": "api.projectuser",
    "pk": 6,
    "fields": {
      "project": 1,
      "user": 7,
      "is_notifications_enabled": true,
      "created_at": "2020-07-30T12:21:16.129Z",
      "updated_at": "2020-07-30T12:21:16.129Z"
    }
  },
  {
    "model": "api.package",
    "pk": 1,
    "fields": {
      "name": "First package",
      "order": 2,
      "created_at": "2020-07-30T12:21:16.129Z",
      "updated_at": "2020-07-30T12:21:16.129Z"
    }
  },
  {
    "model": "api.packageactivity",
    "pk": 1,
    "fields": {
      "name": "First package activity",
      "created_at": "2020-07-30T12:21:16.129Z",
      "updated_at": "2020-07-30T12:21:16.129Z"
    }
  },
  {
    "model": "api.packageactivity",
    "pk": 2,
    "fields": {
      "name": "Second package activity",
      "created_at": "2020-07-30T12:21:16.129Z",
      "updated_at": "2020-07-30T12:21:16.129Z"
    }
  },
  {
    "model": "api.packageactivity",
    "pk": 3,
    "fields": {
      "name": "Third package activity",
      "created_at": "2020-07-30T12:21:16.129Z",
      "updated_at": "2020-07-30T12:21:16.129Z"
    }
  },
  {
    "model": "api.packageactivity",
    "pk": 4,
    "fields": {
      "name": "Fourth package activity",
      "created_at": "2020-07-30T12:21:16.129Z",
      "updated_at": "2020-07-30T12:21:16.129Z"
    }
  },
  {
    "model": "api.packageactivitytask",
    "pk": 1,
    "fields": {
      "description": "First desc",
      "created_at": "2020-07-30T12:21:16.129Z",
      "updated_at": "2020-07-30T12:21:16.129Z",
      "package_activity": 1
    }
  },
  {
    "model": "api.packageactivitytask",
    "pk": 2,
    "fields": {
      "description": "Second desc",
      "created_at": "2020-07-30T12:21:16.129Z",
      "updated_at": "2020-07-30T12:21:16.129Z",
      "package_activity": 2
    }
  },
  {
    "model": "api.packageactivitytask",
    "pk": 3,
    "fields": {
      "description": "Third desc",
      "created_at": "2020-07-30T12:21:16.129Z",
      "updated_at": "2020-07-30T12:21:16.129Z",
      "package_activity": 3,
      "is_not_applicable_status_by_default": false
    }
  },
  {
    "model": "api.packageactivitytask",
    "pk": 4,
    "fields": {
      "description": "Fourth desc",
      "created_at": "2020-07-30T12:21:16.129Z",
      "updated_at": "2020-07-30T12:21:16.129Z",
      "package_activity": 4
    }
  },
  {
    "model": "api.packagematrix",
    "pk": 1,
    "fields": {
      "project": 1,
      "package": 1,
      "package_activity": 1,
      "created_at": "2020-07-30T12:21:16.129Z",
      "updated_at": "2020-07-30T12:21:16.129Z"
    }
  },
  {
    "model": "api.locationmatrix",
    "pk": 1,
    "fields": {
      "project": 1,
      "building": "Building A",
      "level": "A",
      "area": "Hall",
      "created_at": "2020-07-30T12:21:16.129Z",
      "updated_at": "2020-07-30T12:21:16.129Z"
    }
  },
  {
    "model": "api.locationmatrixpackage",
    "pk": 1,
    "fields": {
      "location_matrix": 1,
      "package_matrix": 1,
      "enabled": true,
      "package": 1,
      "package_activity": 1,
      "package_activity_name": "First package activity",
      "created_at": "2020-07-30T12:21:16.129Z",
      "updated_at": "2020-07-30T12:21:16.129Z"
    }
  },
  {
    "model": "api.task",
    "pk": 1,
    "fields": {
      "location_matrix": 1,
      "package_activity": 1,
      "package_activity_task": 1,
      "status": "accepted",
      "user": 1,
      "created_at": "2020-07-30T12:21:16.129Z",
      "updated_at": "2020-07-30T12:21:16.129Z"
    }
  },
  {
    "model": "api.subtask",
    "pk": 1,
    "fields": {
      "task": 1,
      "description": "test",
      "status": "closed",
      "user": 1,
      "estimation": 4,
      "company": 1,
      "created_at": "2020-07-30T12:21:16.129Z",
      "updated_at": "2020-07-30T12:21:16.129Z",
      "due_date": "2020-07-30T12:21:16.129Z",
      "is_defect": true
    }
  },
  {
    "model": "api.subtask",
    "pk": 2,
    "fields": {
      "task": 1,
      "description": "test",
      "status": "closed",
      "user": 6,
      "estimation": 4,
      "company": 1,
      "created_at": "2020-07-29T12:21:16.129Z",
      "updated_at": "2020-07-30T12:21:16.129Z",
      "due_date": "2020-07-30T12:21:16.129Z",
      "is_defect": true
    }
  },
  {
    "model": "api.qualityissue",
    "pk": 1,
    "fields": {
      "description": "In aqua sanitas!",
      "status": "under_review",
      "location_matrix": 1,
      "attachments": [
        1
      ],
      "user": 2,
      "created_at": "2020-09-28T12:21:16.129Z",
      "updated_at": "2020-09-30T12:21:16.129Z"
    }
  },
  {
    "model": "api.qualityissue",
    "pk": 2,
    "fields": {
      "description": "The second quality issue!",
      "status": "contested",
      "location_matrix": 1,
      "attachments": [],
      "user": 3,
      "created_at": "2020-09-28T12:21:16.129Z",
      "updated_at": "2020-09-30T12:21:16.129Z"
    }
  },
  {
    "model": "api.qualityissue",
    "pk": 3,
    "fields": {
      "description": "The third quality issue!",
      "status": "requesting_approval",
      "location_matrix": 1,
      "attachments": [],
      "user": 2,
      "created_at": "2020-09-28T12:21:16.129Z",
      "updated_at": "2020-09-30T12:21:16.129Z"
    }
  },
  {
    "model": "api.qualityissue",
    "pk": 4,
    "fields": {
      "description": "The closed quality issue!",
      "status": "closed",
      "location_matrix": 1,
      "attachments": [],
      "user": 2,
      "created_at": "2020-09-28T12:21:16.129Z",
      "updated_at": "2020-09-30T12:21:16.129Z"
    }
  },
  {
    "model": "api.qualityissue",
    "pk": 5,
    "fields": {
      "description": "The last quality issue!",
      "status": "under_review",
      "location_matrix": 1,
      "attachments": [],
      "user": 2,
      "created_at": "2020-09-23T12:21:16.129Z",
      "updated_at": "2020-09-30T12:21:16.129Z"
    }
  },
  {
    "model": "api.qualityissue",
    "pk": 6,
    "fields": {
      "description": "Created with urgent attention!",
      "status": "under_review",
      "location_matrix": 1,
      "attachments": [],
      "user": 2,
      "created_at": "2020-09-28T12:21:16.129Z",
      "updated_at": "2020-09-30T12:21:16.129Z"
    }
  },
  {
    "model": "api.qualityissue",
    "pk": 7,
    "fields": {
      "description": "Created without recipients and with due date less than 6 hours from creation!",
      "status": "under_review",
      "location_matrix": 1,
      "attachments": [],
      "due_date": "2020-09-28T15:21:16.129Z",
      "user": 2,
      "created_at": "2020-09-28T12:21:16.129Z",
      "updated_at": "2020-09-30T12:21:16.129Z"
    }
  },
  {
    "model": "api.qualityissue",
    "pk": 8,
    "fields": {
      "description": "Contested for daily summary",
      "status": "contested",
      "location_matrix": 1,
      "attachments": [],
      "due_date": "2020-09-28T15:21:16.129Z",
      "user": 2,
      "created_at": "2020-09-23T12:21:16.129Z",
      "updated_at": "2020-09-30T12:21:16.129Z"
    }
  },
  {
    "model": "api.qualityissue",
    "pk": 9,
    "fields": {
      "description": "Removed by the originator",
      "status": "removed",
      "location_matrix": 1,
      "attachments": [],
      "due_date": "2020-09-28T15:21:16.129Z",
      "user": 2,
      "created_at": "2020-09-23T12:21:16.129Z",
      "updated_at": "2020-09-30T12:21:16.129Z"
    }
  },
  {
    "model": "api.qualityissue",
    "pk": 10,
    "fields": {
      "description": "Request approval to the originator",
      "status": "requesting_approval",
      "location_matrix": 1,
      "attachments": [],
      "due_date": "2020-09-28T15:21:16.129Z",
      "user": 2,
      "created_at": "2020-09-23T12:21:16.129Z",
      "updated_at": "2020-09-30T12:21:16.129Z"
    }
  },
  {
    "model": "api.qualityissue",
    "pk": 11,
    "fields": {
      "description": "In progress desc",
      "status": "in_progress",
      "location_matrix": 1,
      "attachments": [],
      "due_date": "2020-09-28T15:21:16.129Z",
      "user": 2,
      "created_at": "2020-09-23T12:21:16.129Z",
      "updated_at": "2020-09-30T12:21:16.129Z"
    }
  },
  {
    "model": "api.qualityissue",
    "pk": 12,
    "fields": {
      "description": "Under inspection desc",
      "status": "under_inspection",
      "location_matrix": 1,
      "attachments": [],
      "due_date": "2020-09-28T15:21:16.129Z",
      "user": 2,
      "created_at": "2020-09-23T12:21:16.129Z",
      "updated_at": "2020-09-30T12:21:16.129Z"
    }
  },
  {
    "model": "api.qualityissue",
    "pk": 13,
    "fields": {
      "description": "The another company's quality issue",
      "status": "under_review",
      "location_matrix": 1,
      "attachments": [],
      "due_date": "2020-09-28T15:21:16.129Z",
      "user": 7,
      "created_at": "2020-09-28T12:21:16.129Z",
      "updated_at": "2020-09-30T12:21:16.129Z"
    }
  },
  {
    "model": "api.qualityissueupdate",
    "pk": 1,
    "fields": {
      "new_data": {
        "description": "In aqua sanitas!",
        "status": "under_review"
      },
      "old_data": {},
      "files": [],
      "recipients": [],
      "user": 2,
      "quality_issue": 2,
      "created_at": "2020-09-30T12:21:16.129Z",
      "updated_at": "2020-09-30T12:21:16.129Z"
    }
  },
  {
    "model": "api.qualityissueupdate",
    "pk": 2,
    "fields": {
      "old_data": {
        "status": "under_review"
      },
      "new_data": {
        "status": "contested"
      },
      "files": [],
      "recipients": [],
      "user": 1,
      "quality_issue": 2,
      "created_at": "2020-09-30T12:21:16.129Z",
      "updated_at": "2020-09-30T12:21:16.129Z"
    }
  },
  {
    "model": "api.qualityissueupdate",
    "pk": 3,
    "fields": {
      "old_data": {},
      "new_data": {
        "status": "under_review"
      },
      "files": [],
      "recipients": [],
      "user": 2,
      "quality_issue": 3,
      "created_at": "2020-09-30T12:21:16.129Z",
      "updated_at": "2020-09-30T12:21:16.129Z"
    }
  },
  {
    "model": "api.qualityissueupdate",
    "pk": 4,
    "fields": {
      "old_data": {
        "status": "under_review"
      },
      "new_data": {
        "status": "in_progress"
      },
      "files": [],
      "recipients": [],
      "user": 1,
      "quality_issue": 3,
      "created_at": "2020-09-30T12:21:16.129Z",
      "updated_at": "2020-09-30T12:21:16.129Z"
    }
  },
  {
    "model": "api.qualityissueupdate",
    "pk": 5,
    "fields": {
      "old_data": {
        "status": "in_progress"
      },
      "new_data": {
        "status": "under_inspection"
      },
      "files": [],
      "recipients": [],
      "user": 5,
      "quality_issue": 3,
      "created_at": "2020-09-30T12:21:16.129Z",
      "updated_at": "2020-09-30T12:21:16.129Z"
    }
  },
  {
    "model": "api.qualityissueupdate",
    "pk": 6,
    "fields": {
      "old_data": {
        "status": "under_inspection"
      },
      "new_data": {
        "status": "requesting_approval"
      },
      "files": [],
      "recipients": [],
      "user": 1,
      "quality_issue": 3,
      "created_at": "2020-09-30T12:21:16.129Z",
      "updated_at": "2020-09-30T12:21:16.129Z"
    }
  },
  {
    "model": "api.qualityissueupdate",
    "pk": 7,
    "fields": {
      "old_data": {},
      "new_data": {
        "status": "under_review"
      },
      "files": [],
      "recipients": [],
      "user": 2,
      "quality_issue": 4,
      "created_at": "2020-09-30T12:21:16.129Z",
      "updated_at": "2020-09-30T12:21:16.129Z"
    }
  },
  {
    "model": "api.qualityissueupdate",
    "pk": 8,
    "fields": {
      "old_data": {
        "status": "under_review"
      },
      "new_data": {
        "status": "in_progress"
      },
      "files": [],
      "recipients": [],
      "user": 1,
      "quality_issue": 4,
      "created_at": "2020-09-30T12:21:16.129Z",
      "updated_at": "2020-09-30T12:21:16.129Z"
    }
  },
  {
    "model": "api.qualityissueupdate",
    "pk": 9,
    "fields": {
      "old_data": {
        "status": "in_progress"
      },
      "new_data": {
        "status": "under_inspection"
      },
      "files": [],
      "recipients": [],
      "user": 5,
      "quality_issue": 4,
      "created_at": "2020-09-30T12:21:16.129Z",
      "updated_at": "2020-09-30T12:21:16.129Z"
    }
  },
  {
    "model": "api.qualityissueupdate",
    "pk": 10,
    "fields": {
      "old_data": {
        "status": "under_inspection"
      },
      "new_data": {
        "status": "requesting_approval"
      },
      "files": [],
      "recipients": [],
      "user": 1,
      "quality_issue": 4,
      "created_at": "2020-09-30T12:21:16.129Z",
      "updated_at": "2020-09-30T12:21:16.129Z"
    }
  },
  {
    "model": "api.qualityissueupdate",
    "pk": 11,
    "fields": {
      "old_data": {
        "status": "requesting_approval"
      },
      "new_data": {
        "status": "closed"
      },
      "files": [],
      "recipients": [],
      "user": 2,
      "quality_issue": 4,
      "created_at": "2020-09-30T12:21:16.129Z",
      "updated_at": "2020-09-30T12:21:16.129Z"
    }
  },
  {
    "model": "api.qualityissueupdate",
    "pk": 12,
    "fields": {
      "old_data": {},
      "new_data": {
        "status": "under_review"
      },
      "files": [],
      "recipients": [
        1,
        2
      ],
      "user": 2,
      "quality_issue": 6,
      "created_at": "2020-09-30T12:21:16.129Z",
      "updated_at": "2020-09-30T12:21:16.129Z"
    }
  },
  {
    "model": "api.qualityissueupdate",
    "pk": 13,
    "fields": {
      "old_data": {
        "status": "under_review"
      },
      "new_data": {
        "status": "under_review"
      },
      "files": [],
      "recipients": [],
      "user": 2,
      "quality_issue": 6,
      "created_at": "2020-09-30T12:21:16.129Z",
      "updated_at": "2020-09-30T12:21:16.129Z"
    }
  },
  {
    "model": "api.qualityissueupdate",
    "pk": 14,
    "fields": {
      "old_data": {},
      "new_data": {
        "status": "under_review"
      },
      "files": [],
      "recipients": [],
      "user": 2,
      "quality_issue": 7,
      "created_at": "2020-09-30T12:21:16.129Z",
      "updated_at": "2020-09-30T12:21:16.129Z"
    }
  },
  {
    "model": "api.qualityissueupdate",
    "pk": 15,
    "fields": {
      "old_data": {},
      "new_data": {
        "status": "under_review"
      },
      "files": [],
      "recipients": [],
      "user": 2,
      "quality_issue": 8,
      "created_at": "2020-09-27T12:21:16.129Z",
      "updated_at": "2020-09-30T12:21:16.129Z"
    }
  },
  {
    "model": "api.qualityissueupdate",
    "pk": 16,
    "fields": {
      "old_data": {
        "status": "under_review"
      },
      "new_data": {
        "status": "contested"
      },
      "files": [],
      "recipients": [],
      "user": 2,
      "quality_issue": 8,
      "created_at": "2020-09-28T12:21:16.129Z",
      "updated_at": "2020-09-30T12:21:16.129Z"
    }
  },
  {
    "model": "api.qualityissueupdate",
    "pk": 17,
    "fields": {
      "old_data": {},
      "new_data": {
        "status": "under_review"
      },
      "files": [],
      "recipients": [],
      "user": 2,
      "quality_issue": 9,
      "created_at": "2020-09-26T12:21:16.129Z",
      "updated_at": "2020-09-30T12:21:16.129Z"
    }
  },
  {
    "model": "api.qualityissueupdate",
    "pk": 18,
    "fields": {
      "old_data": {
        "status": "under_review"
      },
      "new_data": {
        "status": "removed"
      },
      "files": [],
      "recipients": [],
      "user": 2,
      "quality_issue": 9,
      "created_at": "2020-09-28T12:21:16.129Z",
      "updated_at": "2020-09-30T12:21:16.129Z"
    }
  },
  {
    "model": "api.qualityissueupdate",
    "pk": 19,
    "fields": {
      "old_data": {},
      "new_data": {
        "status": "under_review"
      },
      "files": [],
      "recipients": [],
      "user": 2,
      "quality_issue": 10,
      "created_at": "2020-09-27T12:21:16.129Z",
      "updated_at": "2020-09-30T12:21:16.129Z"
    }
  },
  {
    "model": "api.qualityissueupdate",
    "pk": 20,
    "fields": {
      "old_data": {
        "status": "under_review"
      },
      "new_data": {
        "status": "requesting_approval"
      },
      "files": [],
      "recipients": [],
      "user": 2,
      "quality_issue": 10,
      "created_at": "2020-09-28T12:21:16.129Z",
      "updated_at": "2020-09-30T12:21:16.129Z"
    }
  },
  {
    "model": "api.qualityissueupdate",
    "pk": 21,
    "fields": {
      "old_data": {
        "status": "under_review"
      },
      "new_data": {
        "status": "in_progress"
      },
      "files": [],
      "recipients": [],
      "user": 2,
      "quality_issue": 11,
      "created_at": "2020-09-28T12:21:16.129Z",
      "updated_at": "2020-09-30T12:21:16.129Z"
    }
  },
  {
    "model": "api.qualityissueupdate",
    "pk": 22,
    "fields": {
      "old_data": {
        "status": "in_progress"
      },
      "new_data": {
        "status": "under_inspection"
      },
      "files": [],
      "recipients": [],
      "user": 2,
      "quality_issue": 12,
      "created_at": "2020-09-28T12:21:16.129Z",
      "updated_at": "2020-09-30T12:21:16.129Z"
    }
  },
  {
    "model": "api.qualityissueupdate",
    "pk": 23,
    "fields": {
      "old_data": {},
      "new_data": {
        "status": "under_review"
      },
      "files": [],
      "recipients": [],
      "user": 2,
      "quality_issue": 10,
      "created_at": "2020-09-28T12:21:16.129Z",
      "updated_at": "2020-09-30T12:21:16.129Z"
    }
  },
  {
    "model": "api.recipient",
    "pk": 1,
    "fields": {
      "first_name": "Tom",
      "last_name": "Soyer",
      "email": "tom_digidom@gmail.com",
      "created_at": "2020-07-30T12:21:16.129Z",
      "updated_at": "2020-08-30T12:21:16.129Z"
    }
  },
  {
    "model": "api.recipient",
    "pk": 2,
    "fields": {
      "first_name": "Seth",
      "last_name": "Rogen",
      "email": "seth_rogen@gmail.com",
      "created_at": "2020-07-30T12:21:16.129Z",
      "updated_at": "2020-08-30T12:21:16.129Z"
    }
  },
  {
    "model": "api.subtask",
    "pk": 1,
    "fields": {
      "task": 1,
      "description": "test",
      "status": "closed",
      "user": 2,
      "estimation": 4,
      "company": 1,
      "created_at": "2020-09-28T12:21:16.129Z",
      "updated_at": "2020-09-30T12:21:16.129Z",
      "due_date": "2020-07-30T12:21:16.129Z"
    }
  },
  {
    "model": "api.subtask",
    "pk": 2,
    "fields": {
      "task": 1,
      "description": "test",
      "status": "in_progress",
      "user": 1,
      "files": [
        1
      ],
      "estimation": 5,
      "created_at": "2020-09-28T12:21:16.129Z",
      "updated_at": "2020-07-30T12:21:16.129Z",
      "due_date": "2020-07-30T12:21:16.129Z"
    }
  },
  {
    "model": "api.subtask",
    "pk": 3,
    "fields": {
      "task": 1,
      "description": "test",
      "status": "removed",
      "user": 2,
      "files": [
        2
      ],
      "company": 1,
      "created_at": "2020-09-28T12:21:16.129Z",
      "updated_at": "2020-10-30T12:21:16.129Z",
      "due_date": "2020-07-30T12:21:16.129Z"
    }
  },
  {
    "model": "api.subtask",
    "pk": 4,
    "fields": {
      "task": 1,
      "description": "test",
      "status": "under_review",
      "user": 2,
      "files": [
        1,
        2
      ],
      "created_at": "2020-09-28T12:21:16.129Z",
      "updated_at": "2020-01-30T12:21:16.129Z",
      "date_of_completion": "2020-07-30T12:21:16.129Z",
      "due_date": "2020-07-30T12:21:16.129Z",
      "is_defect": 1
    }
  },
  {
    "model": "api.subtask",
    "pk": 5,
    "fields": {
      "task": 1,
      "description": "test",
      "status": "requesting_approval",
      "user": 2,
      "files": [
        1,
        2
      ],
      "created_at": "2020-09-28T12:21:16.129Z",
      "updated_at": "2020-01-30T12:21:16.129Z",
      "date_of_completion": "2020-07-30T12:21:16.129Z",
      "due_date": "2020-09-30T12:21:16.129Z"
    }
  },
  {
    "model": "api.subtaskupdate",
    "pk": 1,
    "fields": {
      "subtask": 1,
      "comment": "test comment!",
      "old_data": {
        "status": "closed"
      },
      "new_data": {
        "status": "closed"
      },
      "files": [
        1
      ],
      "user": 1,
      "created_at": "2020-07-30T12:21:16.129Z",
      "updated_at": "2020-07-30T12:21:16.129Z"
    }
  },
  {
    "model": "api.task",
    "pk": 1,
    "fields": {
      "location_matrix": 1,
      "package_activity": 2,
      "package_activity_task": 2,
      "status": "rejected",
      "user": 2,
      "created_at": "2020-09-28T12:21:16.129Z",
      "updated_at": "2020-07-30T12:21:16.129Z"
    }
  },
  {
    "model": "api.task",
    "pk": 2,
    "fields": {
      "location_matrix": 1,
      "package_activity": 4,
      "package_activity_task": 4,
      "status": "accepted",
      "user": 2,
      "created_at": "2020-09-28T12:21:16.129Z",
      "updated_at": "2020-07-30T12:21:16.129Z"
    }
  },
  {
    "model": "api.task",
    "pk": 3,
    "fields": {
      "location_matrix": 1,
      "package_activity": 2,
      "package_activity_task": 3,
      "status": "not_verified",
      "user": 2,
      "created_at": "2020-09-28T12:21:16.129Z",
      "updated_at": "2020-07-30T12:21:16.129Z"
    }
  },
  {
    "model": "api.task",
    "pk": 4,
    "fields": {
      "location_matrix": 1,
      "package_activity": 1,
      "package_activity_task": 2,
      "status": "part_complete",
      "user": 2,
      "created_at": "2020-09-28T12:21:16.129Z",
      "updated_at": "2020-07-30T12:21:16.129Z"
    }
  },
  {
    "model": "api.taskupdate",
    "pk": 1,
    "fields": {
      "task": 1,
      "comment": "test comment!",
      "old_data": {
        "status": "outstanding"
      },
      "new_data": {
        "status": "rejected"
      },
      "files": [
        1
      ],
      "user": 1,
      "created_at": "2020-09-28T12:21:16.129Z",
      "updated_at": "2020-07-30T12:21:16.129Z"
    }
  },
  {
    "model": "api.taskupdate",
    "pk": 2,
    "fields": {
      "task": 2,
      "comment": "test comment2!",
      "old_data": {
        "status": "outstanding"
      },
      "new_data": {
        "status": "accepted"
      },
      "files": [
        1
      ],
      "user": 1,
      "created_at": "2020-09-28T12:21:16.129Z",
      "updated_at": "2020-06-30T12:21:16.129Z"
    }
  },
  {
    "model": "api.taskupdate",
    "pk": 3,
    "fields": {
      "task": 3,
      "comment": "test comment3!",
      "old_data": {
        "status": "outstanding"
      },
      "new_data": {
        "status": "not_verified"
      },
      "files": [
        1
      ],
      "user": 1,
      "created_at": "2020-09-28T12:21:16.129Z",
      "updated_at": "2020-09-30T12:21:16.129Z"
    }
  },
  {
    "model": "api.taskupdate",
    "pk": 4,
    "fields": {
      "task": 4,
      "comment": "test comment3!",
      "old_data": {
        "status": "outstanding"
      },
      "new_data": {
        "status": "part_complete"
      },
      "files": [
        1
      ],
      "user": 1,
      "created_at": "2020-09-28T12:21:16.129Z",
      "updated_at": "2020-09-30T12:21:16.129Z"
    }
  }
]